0.302891,0.608544,0.474130,1.427180,-0.811085,1
0.318095,0.810884,0.818231,0.820952,0.860136,1
0.655083,1.053900,1.371630,-0.723877,1.770210,1
0.104800,0.575600,0.342400,0.830400,0,1
0.540984,2.145100,-0.561563,-0.227764,-0.140565,1
1.039410,2.271080,1.698930,-0.369170,-0.167506,1
0.151070,0.641628,1.454050,1.280740,-0.716324,1
0.600224,1.404820,2.477430,-0.700869,-0.272218,1
0.746575,1.029350,1.346380,-0.998043,1.722110,1
0.959888,1.089930,0.512775,1.114460,0.729433,1
0.479620,1.502180,2.495450,-0.691729,0.402454,1
0.125448,0.547875,0.795187,0.835637,0,1
0.361513,0.688500,1.512820,0.698654,0.520437,1
0.265968,0.711489,1.002370,1.137830,0.535693,1
0.105347,0.593775,0.325619,-0.807662,0,1
0.734433,0.647260,1.386990,0.556040,0.451121,1
-0.0732436,-0.249626,-0.445067,1.539240,-1.183860,1
0.140542,0.639816,0.922109,1.899130,0,1
0.481978,0.917295,1.435320,-0.834870,-0.762224,1
0.442649,0.704900,0.758751,1.269790,0.920302,1
0.954975,1.444570,1.608020,0.715853,0.689368,1
0.217769,0.659091,1.047520,2.193800,-0.903719,1
0.871287,0.961324,1.467820,1.131810,1.338800,1
0.119721,0.443231,0.325352,-0.317984,0.903828,1
0.327902,1.090120,2.043570,1.062520,1.043230,1
1.752020,1.469550,1.261190,-0.436537,0.647836,1
0.137373,0.518780,0.759701,1.610710,0,1
0.530227,1.272610,1.002420,0.733194,-0.691923,1
0.424051,0.744726,0.766350,1.225210,1.067510,1
0.183887,0.495652,0.514322,1.117390,1.106390,1
0.660323,0.885236,1.552480,-0.425029,0.344867,1
0.302267,0.580657,2.031470,1.122070,1.407960,1
0.350094,0.584586,0.907425,2.187500,1.632050,1
0.389078,0.549976,0.897123,1.130180,0,1
0.703628,0.758385,1.516080,1.904860,-0.850103,1
0.150212,1.057120,0.645275,1.318050,1.157260,1
0.515319,0.456659,1.714400,1.057580,-0.360123,1
1.436560,1.909810,1.582650,0.562757,-0.165295,1
0.458583,0.540616,1.959180,1.106440,-0.785114,1
0.386591,0.473609,1.643370,2.734900,-0.624346,1
0.869711,2.269790,1.651450,0.635945,-0.191873,1
0.208524,0.462529,0.653604,1.130150,0,1
0.286894,0.531433,0.696058,1.882530,0,1
1.115310,0.330897,1.239550,2.038570,1.044660,1
0.0959485,0.433294,0.631463,2.095950,-0.896084,1
0.323596,0.916854,1.097750,2.417980,-0.859551,1
-0.104549,0.696538,1.460960,0,0,1
0.283655,0.976301,2.743460,-0.786220,-0.392377,1
0.180563,0.479284,1.833250,-0.924808,-0.387212,1
0.105999,0.771695,0.326733,1.129880,0.968550,1
-0.114691,0.697283,1.321230,1.713390,0,1
0.486413,1.116850,0.534420,-0.586957,1.163950,1
0.178114,0.299222,0.515568,1.122710,1.036860,1
0.208559,0.616530,0.882928,1.338500,0.704605,1
0.312223,0.537717,1.260990,0.776926,0,1
0.566660,0.863437,1.979400,-0.496090,0.416365,1
0.191587,0.637681,0.498409,0.729940,1.219160,1
0.279968,0.552263,0.724795,1.926170,-0.782747,1
1.186230,2.572540,1.101880,0.343854,0.193983,1
0.277778,0.719776,0.441999,1.172260,-0.538085,1
0.369620,1.143020,2.195330,-0.539857,-0.577495,1
0.135965,0.766082,-0.583699,2.249270,0,1
0.998798,2.847190,0.928500,0.437613,-0.143801,1
0.377289,0.800628,2.391160,-0.743328,-0.505756,1
0.833040,2.441480,1.525480,0.436204,-0.162390,1
0.297012,0.660516,2.415640,-0.788811,1.019630,1
0.453868,0.779124,1.471580,1.167290,-0.397484,1
0.431777,0.615200,1.980550,-0.681927,0.456613,1
1.146240,1.425860,1.664860,-0.464455,0.845633,1
0.135388,0.679829,1.172950,1.551600,0,1
0.295731,1.084520,2.154980,-0.595800,-0.310135,1
0.186345,0.486648,0.288956,0.693045,0,1
0.368946,1.313120,1.405180,-0.574492,-0.313494,1
0.302310,0.915072,2.528490,-0.667547,-0.519692,1
0.661545,0.861721,1.360840,0.827041,-0.796313,1
1.155190,2.218190,1.671580,-0.313437,-0.166116,1
0.220349,0.709360,1.048310,1.300490,-0.721106,1
0.939118,1.40,1.586910,1.303270,-0.455477,1
0.312702,0.653702,1.664040,0.788862,0.659517,1
0.122175,0.561441,0.927260,0,0,1
0.410284,2.154410,1.279970,0.835764,1.019650,1
0.151920,0.519782,0.919996,1.652020,-0.749269,1
0.137228,0.587409,1.130890,0.668025,0.543931,1
0.200497,0.764163,0.891671,1.240810,-0.771621,1
0.539439,0.554791,2.046590,1.246690,1.558500,1
0.656139,3.296310,-0.554294,0.722498,0.377573,1
0.545567,0.449200,2.054190,0.935961,1.639160,1
0.186252,0.698925,0.514209,0.796851,0,1
0.0789569,0.293383,0.882618,-0.331663,-0.418900,1
0.324201,1.166210,2.049320,0.952055,-0.677169,1
0.295417,0.921044,1.125460,1.018400,0,1
0.207825,0.897334,0.738350,1.639670,-0.648393,1
0.195171,0.419467,1.899680,1.247950,1.47,1
0.174194,0.938249,0.513364,1.096770,0.885714,1
0.365289,0.875965,0.900500,1.509310,0,1
0.077450,-0.0876469,0.196622,-0.326068,0,1
0.575871,0.550670,1.959790,1.163,1.590350,1
0.327902,1.090120,2.043570,1.062520,1.043230,1
0.720648,1.472670,1.910930,0.745951,1.297570,1
0.362879,0.802499,1.001190,1.567520,-0.935753,1
0.954416,1.444110,1.607530,0.715718,0.688859,1
0.0984481,0.307282,0.415360,1.044650,-0.403024,1
0.358045,0.471457,2.017200,0.907140,0.389861,1
0.294364,1.074380,0.746072,1.110830,-0.804525,1
0.131774,0.455625,0.441989,-0.497590,1.078170,1
0.835893,2.716790,1.521420,-0.364053,-0.173269,1
0.266061,0.478320,1.971850,1.000450,0.602043,1
0.283,1.136350,2.694040,-0.661191,0.770236,1
0.465214,0.498712,2.230970,0.938862,0.588662,1
0.331525,1.280680,0.901017,1.925420,-0.568136,1
0.219101,0.562422,0.590200,1.387020,0,1
0.414265,0.577430,0.987787,1.104050,0,1
0.421236,1.494340,1.362050,1.754570,0,1
0.223465,0.497127,1.054430,1.099180,0,1
0.106116,0.387350,0.834814,0.638787,0,1
0.215988,0.796311,0.791699,1.751730,0,1
0.155789,0.677895,1.318950,0.913684,0,1
1.370730,0.965344,0.750570,0.638395,0.324669,1
0.356407,1.129750,2.503860,-0.678364,-0.344495,1
0.395279,0.525866,0.973882,0.964842,0,1
0.453060,1.50,1.710390,0.958927,0.988684,1
0.545455,0.751818,2.025450,-0.604091,-0.363182,1
1.230850,1.553760,2.102120,-0.409205,-0.219346,1
0.0813511,0.551855,0.264986,0.599905,0,1
0.676766,1.384240,1.890890,0.777892,0.912590,1
0.231341,0.519967,0.870834,1.957310,0,1
0.618121,0.884102,1.435240,1.214560,-0.348527,1
0.645505,0.377727,1.546730,0.795531,0.720163,1
1.136300,2.373390,1.464500,-0.300149,-0.167577,1
0.657007,2.528100,1.186110,0.881839,-0.240819,1
1.001640,1.377920,1.598280,1.220350,-0.531391,1
0.522738,0.812586,1.770790,1.269640,0.758383,1
0.619751,1.131750,2.106830,1.763270,0,1
0.0981919,0.334505,0.564038,0.886740,1.862130,1
0.417965,0.602680,2.146690,1.005800,-0.831221,1
-0.113680,-0.496833,-0.851488,-0.818239,-0.458518,1
0.296126,0.584358,0.553883,1.044240,1.251330,1
0.222835,0.609176,1.515700,0.618489,0,1
0.304498,1.005190,0.773356,1.871110,1.331310,1
0.746733,0.592621,1.380860,1.935820,1.205230,1
0.542820,1.229050,1.472400,1.901890,-0.540620,1
0.441630,0.747490,0.436260,1.080430,0.996381,1
1.351590,2.624930,0.972353,-0.204747,-0.120240,1
0.214170,1.200840,0.711407,1.409810,0.764381,1
0.142906,0.183629,0.869140,-0.496475,-0.817261,1
-0.234894,0.725831,0.865559,1.448260,0,1
0.221654,0.671990,-0.636538,2.421590,-1.051100,1
0.315108,1.212630,0.768621,1.047540,0.786318,1
0.413211,2.223240,1.257960,0.713115,0.951302,1
0.579980,0.542035,1.528300,0.834478,0.477920,1
1.173490,1.814320,1.537370,0.740755,-0.208497,1
0.432448,0.960712,1.246180,0.865178,2.116450,1
0.304715,1.079900,0.845161,2.244670,-0.670471,1
0.779214,2.108750,1.790870,-0.419011,-0.159189,1
0.672438,0.602246,0.686008,2.131490,-0.569022,1
0.237906,0.809301,2.105630,-0.603646,-0.711381,1
0.406182,2.573770,2.008690,-0.413033,-0.176942,1
0.250416,0.735457,0.943767,2.284760,0,1
0.279221,2.160840,0.845155,1.080420,-0.375125,1
0.198679,0.584273,1.435870,0.621334,1.315020,1
0.204288,0.778659,0.900557,1.356740,0,1
-0.0633886,0.751777,1.637440,1.324050,0.991114,1
0.850823,2.024860,0.903473,0.523949,0.634004,1
0.597660,0.932108,2.186960,1.787130,-0.490495,1
0.519603,0.984779,1.236160,1.071960,1.783210,1
0.089128,0.321525,0.591183,0.521473,-0.298959,1
0.650617,2.706050,0.893892,0.902660,-0.320404,1
0.174724,0.515765,0.861797,1.919600,-0.774829,1
0.115558,0.718528,1.221430,0,0,1
0.211092,0.784874,0.600336,2.162350,-0.934790,1
0.384462,1.323010,-1.086960,-0.618188,-0.488156,1
0.531857,1.060370,0.930019,2.434510,-0.707750,1
0.612637,1.063520,1.876660,-0.555518,-0.302443,1
0.102519,0.597229,0.978589,2.278090,-0.878841,1
0.123937,0.426488,0.948360,0.710207,0,1
0.856987,1.330610,2.091630,-0.544589,-0.263458,1
0.635309,1.011100,2.130900,1.183860,0.832282,1
0.101902,0.451948,0.518973,0.462352,-0.305193,1
0.235339,1.130910,0.580779,1.917900,0,1
0.239220,0.588761,2.461010,0.898853,0,1
1.382760,0.790033,2.558010,-0.546569,-0.256536,1
0.994709,1.845860,0.798942,1.529810,-0.462081,1
0.348443,0.601813,2.487910,-0.747559,0.714319,1
0.121272,0.739563,0.345262,1.219350,0,1
0.305387,1.047500,1.191900,1.328340,-0.969398,1
0.285297,0.786027,0.953230,-0.399298,0,1
0.271347,0.811195,0.912713,2.122390,0,1
0.427648,0.499860,2.037930,0.733071,0.448722,1
0.503951,2.241580,0.645015,0.684406,0.845224,1
0.140413,0.312296,0.314359,0.350731,0.921668,1
0.395952,1.382040,1.723590,1.114480,-0.452245,1
1.177580,0.624652,1.634050,0.618384,0.273329,1
0.826442,1.278640,1.976560,-0.532526,0.347380,1
0.258264,0.860828,0.682576,1.025640,0,1
0.178005,0.698035,0.507559,0.775888,0,1
0.121046,0.670925,1.375300,0,0,1
0.353258,0.583296,1.945540,0.937453,0.682097,1
0.586497,1.146460,1.122740,2.144090,-0.700173,1
0.819420,1.963100,1.104620,1.479760,-0.356503,1
0.560872,1.169820,1.463520,1.012320,1.311460,1
0.105814,0.634884,0.252326,0.453488,0.943605,1
0.583818,1.796160,1.607060,1.431380,-0.337506,1
0.293990,0.523253,2.163180,1.140060,1.486810,1
0.436138,0.733959,0.684625,1.698240,-1.012110,1
0.160090,0.373514,0.268739,0.481532,0,1
0.108063,0.412374,0.516517,1.089590,0,1
0.122946,0.402313,0.892270,0.635423,0,1
0.604439,1.315900,1.722100,0.668592,1.195500,1
0.399454,0.660294,2.965860,-0.691021,0.461932,1
0.102853,0.410607,0.717557,-0.631579,1.310570,1
0.287465,0.883443,0.887213,0.841659,0,1
0.708669,2.370930,1.325810,0.601998,0.859813,1
0.136382,0.716870,1.144920,1.897150,0,1
0.278293,0.808905,-0.854824,1.768090,-0.698980,1
0.241531,0.679350,2.170070,-0.680046,0.544548,1
0.977917,0.816342,1.926760,-0.591461,0.988590,1
0.109330,0.445335,0.879222,0.870063,0,1
-0.0951394,-0.390233,-0.636029,1.811560,0,1
0.489655,1.112900,1.751470,1.018900,1.023750,1
0.284702,1.390660,1.712080,2.096940,0,1
0.784618,2.821080,1.234110,0.699342,0.366607,1
0.395572,0.676140,3.043620,-0.554197,0.514210,1
0.0978507,0.692873,0.293552,0.912330,1.321830,1
0.143388,0.946539,0.779430,1.169940,0,1
0.518367,0.450146,1.334990,1.317200,2.015450,1
0.129976,0.695444,0.414868,-0.786091,0,1
0.839641,2.229580,1.576940,-0.332918,-0.157371,1
1.590990,1.104500,1.236940,0.728829,0.636036,1
0.312500,1.078350,1.058230,1.277130,0,1
0.294958,0.966216,1.560030,-0.457900,0.399948,1
0.122244,0.688878,0.398370,-0.735858,0,1
0.229587,0.926033,1.236310,2.243040,0,1
0.566667,0.510494,1.018210,1.576230,-0.616975,1
0.234413,0.722396,1.273770,0.732497,1.317660,1
0.537622,0.681678,1.766990,1.165030,1.540700,1
0.0932533,0.435182,0.762981,0.792300,0,1
0.960621,1.392120,1.215470,0.476428,1.277320,1
0.280042,0.552673,0.725251,1.926950,-0.782954,1
0.383823,3.146890,1.699350,-0.409958,-0.171881,1
-0.164248,0.342042,0.757620,1.910980,-1.145140,1
0.449594,0.720869,1.902590,1.227550,1.564550,1
0.494325,2.368220,1.052960,0.751576,-0.290668,1
0.189031,0.543156,0.212491,1.125150,1.457240,1
0.449456,0.591691,1.337690,1.246880,1.998810,1
0.557224,0.596357,1.601280,1.203790,0.683239,1
0.891549,1.351830,1.659410,0.860718,0.854189,1
0.207916,0.616887,0.643272,1.656990,0,1
0.863105,2.356470,1.690330,0.594384,-0.184477,1
0.298282,1.666110,1.496020,1.471300,-0.607457,1
0.231392,0.885063,1.374680,-0.404557,-0.198481,1
0.475026,0.983810,1.695140,-1.032040,-0.824664,1
0.241608,0.421063,-0.247075,1.066080,1.570880,1
0.132020,0.514506,0.665425,1.668090,0.674474,1
0.325746,0.699970,0.619864,1.886490,-0.971918,1
0.912006,0.790828,0.893363,1.416110,0.563386,1
0.243180,0.495152,0.454686,1.268260,1.066580,1
0.116811,0.509271,0.827565,0.749073,0,1
0.309904,0.953275,1.539540,1.066290,-0.638578,1
0.695389,1.215280,1.534650,-0.318050,-0.266930,1
0.888911,1.076050,2.289270,0.786383,-0.379255,1
0.316047,0.742335,0.730267,1.220810,-0.880300,1
0.393258,1.400750,1.687890,1.136700,-0.450687,1
0.106468,0.467659,0.905552,0.824843,-0.558100,1
0.581659,0.495621,0.809892,1.548170,-0.667182,1
0.873670,2.649730,1.255590,0.583511,-0.191489,1
0.505014,0.534296,2.076610,-0.798636,0,1
0.492834,2.223460,1.209420,1.384030,-0.441650,1
0.297965,1.129980,0.750415,1.289870,-0.739826,1
0.704567,1.623490,1.774460,0.726002,1.198510,1
0.320833,0.673958,0.744792,2.251560,2.086980,1
0.408152,0.563043,1.687230,1.186140,-0.912500,1
0.199807,0.591391,1.458080,0.632027,1.286220,1
0.128655,0.968811,0.706823,1.683430,-1.008970,1
0.998778,1.822330,-0.427873,-0.452323,0.447229,1
0.359719,0.688993,2.034660,1.433720,1.627170,1
0.334166,0.871496,0.905079,0.883708,0.784624,1
1.200220,1.448830,1.806450,-0.520022,-0.190768,1
0.221031,0.939315,0.864766,1.636150,0,1
1.370500,0.964888,0.750342,0.638395,0.324897,1
0.197291,1.125440,0.623380,1.190810,0.830683,1
0.223426,0.603199,0.703302,2.052630,1.019090,1
1.598150,1.053700,1.336110,0.808333,0.732407,1
0.219006,0.695431,1.079370,1.107050,-0.634808,1
0.172424,0.526129,0.524063,1.262470,0,1
0.120595,0.172005,0.164661,-0.438869,1.004570,1
0.092283,0.372109,0.457980,0.579345,0,1
0.0929173,0.442951,0.751993,2.500110,0,1
0.499469,0.901487,-0.659320,-0.638343,0.312533,1
0.400141,1.259870,1.808740,0.906485,0.799107,1
0.126078,0.679957,0.408405,0.753951,1.239940,1
0.410764,0.784729,1.700090,1.012420,0,1
1.533200,1.529050,-0.415768,0.390871,-0.578008,1
0.224830,0.958293,2.427890,-0.813230,1.215100,1
0.310087,0.496060,1.401100,1.696220,1.765960,1
0.611152,1.370020,2.296400,-0.706285,-0.255319,1
-0.0693657,0.509541,0.811759,1.442110,-0.571815,1
0.202272,0.732634,0.890345,0.343381,1.266270,1
-0.154114,-0.237157,-0.371572,1.002700,1.676320,1
0.278313,1.133510,2.136500,0.837928,1.005310,1
0.307110,0.846445,2.120800,1.537030,1.263500,1
0.658209,1.518410,1.368160,1.076620,1.151240,1
0.495504,0.764236,2.141360,-0.605395,0.720779,1
0.170850,-0.297551,-0.508920,-1.084060,-0.995464,1
0.235265,0.673160,1.025310,1.332170,-0.600233,1
0.464994,2.778770,1.315220,0.604859,-0.189898,1
0.344880,0.930723,1.287150,1.046440,0.380522,1
-0.235079,-0.708667,-1.257720,-1.135380,-0.579922,1
0.617584,1.384570,1.769690,1.337650,-0.361381,1
-0.265680,0.638462,0.730769,1.742010,0,1
0.234074,1.176300,0.887901,0.713580,0,1
-0.075572,0.341345,0.591634,1.026350,0,1
0.225635,0.837413,2.810160,-0.818938,-0.392379,1
1.147070,0.597988,1.716960,0.635449,-0.247659,1
0.270025,0.832101,2.617680,1.274030,0.871842,1
1.619580,1.209090,1.446150,0.716084,0.837063,1
0.180758,0.455458,0.553288,0.831228,-0.398445,1
0.444646,0.874546,1.471870,0.999773,1.206900,1
0.148591,0.640489,0.936176,2.099230,-0.721516,1
0.838444,0.258455,1.820400,0.768530,0.428421,1
0.194883,0.443462,0.754896,0.649716,0.758370,1
0.879684,2.241620,1.602070,0.587278,-0.177515,1
0.459633,1.211010,0.488073,-0.500917,0,1
0.160107,0.991055,0.508050,1.083180,1.006260,1
0.958825,2.301600,1.196960,0.369263,-0.175977,1
0.127006,0.421605,0.941821,1.954480,-0.795216,1
0.431494,0.680519,2.374030,-0.694156,0.691234,1
0.348489,1.078740,1.384530,1.108950,0.687829,1
1.011420,2.776240,1.052880,0.474159,-0.168269,1
0.606526,0.585797,1.667180,1.078120,-0.394626,1
0.767579,1.512,0.929474,0.469263,0.629895,1
0.126933,0.604800,0.837333,0.873067,-0.750933,1
0.396556,1.066900,1.780970,1.327670,1.095160,1
0.214024,0.507744,0.630527,0.926781,0,1
0.881026,1.289250,1.725850,1.098240,0.833546,1
0.499388,0.351285,0.358017,1.422890,1.371480,1
0.691120,0.816602,2.020850,-0.679151,-0.683398,1
0.108645,0.450545,0.870327,0.831776,0,1
0.470101,0.434873,1.759330,0.743339,0.422143,1
0.509126,1.904080,1.167770,-0.309126,-0.272621,1
0.322748,0.576645,0.735855,1.267320,0,1
0.516983,1.513230,1.587490,1.470840,-0.450691,1
0.408932,0.348693,1.831920,1.081050,-0.749237,1
0.297060,0.555653,0.522159,1.110570,-1.013750,1
0.537255,0.404676,1.611310,0.680543,0.693967,1
0.254728,1.037230,0.546690,0.771868,0,1
0.232992,0.685193,0.935527,2.077810,-0.899511,1
0.331416,0.729331,0.666427,1.338250,1.339320,1
0.382439,0.700976,1.965850,1.668780,1.538540,1
0.175492,0.411849,0.370314,1.379480,-0.728491,1
0.638576,0.616617,1.573290,0.632641,0.492582,1
1.057900,1.378750,1.660430,1.282980,-0.443622,1
0.351696,0.540772,2.170250,0.790072,0.371148,1
0.306884,0.852593,2.321410,0.791909,-0.632767,1
0.250941,0.474449,0.627488,1.310650,2.021250,1
0.615666,0.753059,2.194490,-0.546196,-0.230488,1
0.374278,0.711811,1.285830,0.825722,0.543045,1
0.164676,0.588168,0.705347,1.853810,0,1
0.891348,1.351900,1.659710,0.860874,0.854163,1
0.561872,1.017590,1.646980,-0.429648,0.917714,1
0.532049,0.433644,1.216370,1.442670,1.977130,1
0.699,1.203200,1.833600,0.804400,0.999400,1
0.271055,0.640852,0.805421,2.282670,-1.064380,1
0.614925,0.984539,1.799630,-0.562564,0.401154,1
0.851772,1.655130,2.298080,-0.527725,-0.218556,1
0.985206,2.644290,0.805476,0.394127,-0.171340,1
0.648386,0.754356,1.926880,1.264780,-0.527849,1
0.173097,0.349392,0.623534,1.578770,-1.114690,1
0.444362,1.556380,2.208090,-0.525593,-0.354599,1
0.492984,0.806598,2.059160,-0.723929,0.521426,1
0.205098,0.670816,1.483900,1.258250,1.718440,1
1.076670,0.334762,-1.056670,1.496190,1.241430,1
1.393400,1.618750,1.684350,-0.428427,-0.158129,1
0.251751,0.618771,2.604560,1.360420,1.060040,1
0.0889435,0.510565,0.278624,0.573464,0,1
0.221993,1.184880,0.631615,0.976976,1.181440,1
0.276234,0.533611,0.372107,1.299740,0.760622,1
0.212969,0.605461,1.484640,0.622867,0,1
0.259072,0.860759,0.784810,2.038820,0,1
0.889683,1.929760,1.45,1.343250,-0.284921,1
0.294585,0.836726,1.526870,2.825730,-0.815757,1
0.306071,0.483336,1.900740,1.403890,1.525670,1
0.993468,1.201470,1.997550,0.768116,0.427638,1
0.678381,0.655328,1.833290,1.734610,0.846500,1
1.321690,2.247800,1.091530,0.678644,-0.187458,1
0.833974,0.371548,1.216360,1.957010,1.104510,1
0.10,0.408219,0.771233,0.75,0,1
0.279902,0.559533,2.257390,0.949281,1.395990,1
0.317054,1.008200,2.522880,-0.624545,0.478028,1
0.838780,1.079520,1.333330,-1.124180,1.503270,1
0.174482,0.726718,1.782120,1.152020,-0.627481,1
0.215766,0.336032,0.652298,1.633960,1.030250,1
0.286849,0.938462,1.769480,-0.592804,-0.357072,1
0.225674,0.567016,0.708941,0.956925,0.945255,1
0.684704,3.172080,-0.564935,0.623016,0.389610,1
0.267822,0.558045,0.412129,1.416960,0.708540,1
1.089620,1.211980,1.153810,0.431710,0.238690,1
1.138860,0.662009,2.769720,-0.606696,-0.242213,1
0.445591,0.610649,2.199,0.806656,1.199,1
0.160062,0.599068,1.512820,0.892774,-0.462315,1
0.603188,2.469380,0.960990,1.278940,-0.360738,1
1.328610,1.412920,0.912530,0.690307,1.282900,1
0.365996,1.292440,0.889539,0.818783,0.443879,1
0.247835,0.601451,0.680552,0.992745,1.200330,1
0.277968,2.075720,0.841231,1.383490,-0.413776,1
1.046680,2.067970,1.532440,-0.296743,-0.138241,1
0.335377,0.705089,0.587063,1.755980,-1.040470,1
0.197881,0.639098,1.029220,0.670882,1.311690,1
-0.165441,0.457983,0.661765,1.810920,-1.284140,1
-0.425559,-0.740238,1.046150,-0.529338,-0.319482,1
0.515882,1.190100,0.935355,0.765842,-0.709178,1
0.302642,1.333330,1.894580,-0.562050,0,1
0.127458,0.731525,0.355932,1.235930,0,1
0.209877,0.449643,0.746589,0.946069,0,1
0.141503,1.010830,0.623561,1.291810,0,1
0.772563,2.314410,1.456840,0.645553,0.835248,1
0.314295,0.664672,0.361149,1.111320,0.658516,1
0.822430,1.042720,1.901200,1.126840,1.375170,1
0.309874,1.226380,0.859513,1.086170,0.688520,1
0.327449,0.509849,1.475830,-1.004090,1.940650,1
0.132550,0.506292,1.021810,0.840185,-0.477349,1
0.369816,0.487788,1.665440,2.656680,-0.784793,1
0.182447,0.613719,0.629369,0.449270,0,1
0.161883,0.752780,0.950866,1.923450,0,1
0.672831,0.596491,0.650071,2.123280,-0.552869,1
1.304940,0.794560,1.715100,0.884037,0.561918,1
0.539578,1.666230,1.935690,1.431730,-0.431069,1
0.627165,2.966590,-0.546672,1.082390,-0.279085,1
0.431194,0.474736,1.736310,1.339070,1.741840,1
0.102984,0.453220,0.787974,2.482610,-0.903523,1
0.116154,0.471355,0.873062,2.120650,-0.681420,1
0.486838,1.880530,1.521840,1.629160,-0.475991,1
-0.118410,0.497040,0.800113,1.743160,-0.775585,1
0.0745033,0.358858,1.006620,1.856790,-0.831540,1
0.578501,2.811500,0.757490,0.495178,0.698727,1
-0.104225,-0.437746,-0.816338,-0.886197,0,1
0.288604,1.058690,1.927640,-0.873789,1.441880,1
0.335935,0.810490,0.796441,0.968467,0.921012,1
0.415100,1.692480,1.529970,0.901491,1.130910,1
0.950653,0.413553,1.981410,-0.633292,0.339710,1
0.345550,0.526040,1.469830,1.194540,1.875720,1
0.343896,1.232750,2.287700,0.942398,1.100220,1
1.167320,2.285600,0.792218,0.269261,-0.133852,1
0.438559,0.895922,1.934320,0.769333,0,1
0.132172,0.516622,0.810724,2.237270,0,1
0.221157,0.753888,1.000720,1.234540,0,1
0.431485,2.627130,1.901580,-0.468515,-0.194257,1
0.344703,1.260980,1.718350,1.312140,-0.711628,1
-0.146511,-0.297442,-0.467951,1.204930,0,1
0.417703,0.766561,0.367850,1.507230,-0.647411,1
0.422715,0.606825,1.773870,0.992870,1.776930,1
1.013160,2.310050,1.405850,0.747532,-0.206764,1
0.160714,0.685268,0.911830,2.072820,0,1
0.869588,1.053470,0.730569,0.570423,0.850548,1
2.038,2.235990,-0.452016,-0.132294,-0.082700,1
0.127617,0.788302,0.520439,1.230640,0,1
0.536773,1.104280,1.704720,1.350160,0,1
-0.0724811,0.660693,1.134210,1.246120,0.759857,1
0.502422,2.603260,0.911814,0.986456,0.547207,1
1.475780,1.928630,1.523930,-0.299858,-0.122365,1
0.177151,0.545697,0.555786,1.665280,1.183680,1
0.621049,0.433163,1.557130,0.718877,0.719054,1
0.132020,0.514506,0.665425,1.668090,-0.674474,1
0.208498,0.405766,0.624583,1.703790,1.572380,1
0.148519,0.536057,0.941369,1.807560,-0.622880,1
0.232806,0.542605,0.622033,1.315890,0,1
0.317760,0.963586,0.848162,-0.477499,0,1
0.537963,1.103490,1.580650,-0.508781,-0.267495,1
0.155663,0.463961,0.533010,0.800727,-0.423380,1
0.394790,0.644289,3.004680,-0.542084,0.520374,1
0.457568,1.129480,0.473316,-0.541557,1.270340,1
0.523352,1.005130,1.486420,0.892348,-0.351275,1
0.605689,2.201050,1.475550,1.270210,-0.276057,1
0.215659,0.732143,0.769918,1.697800,0.843407,1
0.214331,0.546086,0.414773,1.385420,-0.702336,1
0.131573,0.543268,1.110820,1.599860,-0.550813,1
0.743221,1.359560,-0.775695,1.140610,-0.308336,1
0.950420,0.554882,1.311250,1.481200,1.495660,1
0.352108,1.119060,1.643840,-0.634064,-0.324115,1
1.177400,0.624652,1.634230,0.618384,0.273329,1
0.489618,0.441619,1.682820,1.071320,-0.371351,1
0.114499,0.464841,0.748600,0.634723,0,1
0.543747,1.255530,1.727230,0.883942,1.174730,1
0.307150,0.498727,1.350050,1.556710,1.778650,1
0.779829,1.519810,1.041870,1.115260,1.254620,1
0.728571,1.166070,1.934520,0.735714,1.285120,1
1.055920,2.293860,1.552850,-0.396272,-0.162939,1
0.194883,0.443462,0.754896,0.649716,0.758370,1
0.201652,0.595886,1.493850,0.647716,1.140270,1
0.218781,0.483530,-0.573009,-1.097100,-0.628564,1
-0.523416,-0.751377,-0.851240,-0.583333,1.303720,1
0.635614,0.674911,1.914540,1.531190,0.724924,1
1.249030,2.548460,1.008950,0.749478,-0.181927,1
0.064071,0.285855,0.688599,0.448908,-0.447675,1
0.202343,0.485983,0.527533,1.473070,-0.809672,1
0.927832,2.510680,-0.429773,0.969741,-0.283981,1
0.907954,0.772118,1.948610,1.827080,-0.504468,1
1.604240,0.990813,1.615550,0.868551,0.764664,1
0.377339,0.800733,2.391340,-0.743164,-0.505953,1
0.475622,1.125470,0.831572,1.146610,-0.517900,1
0.0985149,0.377723,0.766337,0.691584,0.501980,1
0.762610,1.413930,1.483990,-0.299440,-0.312650,1
0.251131,1.268100,0.739065,0.863499,0,1
0.179247,0.877993,0.698290,1.531360,0,1
0.670555,0.593142,2.115590,1.026160,1.258040,1
0.426471,0.754202,1.965970,0.914706,1.398740,1
0.149325,0.513498,0.622047,1.332400,0.850675,1
0.175501,0.472160,1.928290,-0.583073,0,1
0.486838,1.880530,1.521840,1.629450,-0.476135,1
0.544374,2.493620,1.147910,1.168790,-0.354698,1
0.519593,0.379898,0.534849,1.638950,0.997308,1
0.528468,0.949355,1.599560,-0.417741,1.070780,1
0.182186,0.515070,0.739316,1.772600,0,1
0.327814,0.516947,1.490040,0.887969,1.952390,1
0.453801,0.989545,1.291610,0.833004,2.048600,1
0.626711,0.870694,1.991980,-0.539877,-0.383672,1
0.309951,1.210980,0.922784,2.253940,-0.568787,1
0.309904,0.953275,1.539540,1.066290,0.638578,1
0.305120,0.920585,1.172410,2.317660,-0.814002,1
0.272386,0.526542,0.820912,1.184990,1.092050,1
0.433445,2.880150,0.944670,0.650345,-0.230334,1
0.0988657,0.788545,-0.832937,1.781120,-0.602157,1
0.119080,0.804465,0.372801,1.278080,0,1
0.0816968,0.342891,0.429301,-0.822859,2.113120,1
0.695965,0.788184,1.702450,2.165710,0,1
1.231080,1.800320,0.876812,1.553140,-0.373591,1
0.939503,1.464090,1.335080,0.545580,1.342270,1
0.457016,1.034580,1.066210,0.840415,0,1
0.705566,0.836515,1.421620,0.915569,1.748320,1
0.961272,1.678210,1.486150,0.931675,0.725756,1
0.272234,0.698914,0.419212,1.114730,-0.528513,1
0.296665,0.545370,0.348877,1.285640,0.849475,1
1.207960,1.688050,-0.516593,-0.255531,-0.178097,1
0.202272,0.732634,0.890345,-0.343381,1.266270,1
0.208149,0.824033,1.253320,1.791850,-0.737526,1
0.292128,0.316567,0.709577,1.238140,0.913328,1
0.511409,0.486836,1.831820,1.094140,-0.396681,1
0.754735,1.187160,0.828892,1.121670,0.604494,1
1.339070,1.764530,1.762950,-0.355476,-0.144326,1
0.394119,2.328910,0.972031,0.700495,0.874860,1
0.785088,2.822970,1.234850,0.700159,0.366826,1
0.503341,0.812639,1.843540,0.771715,1.597160,1
0.427377,0.564590,1.722950,1.148850,1.762620,1
0.212809,0.961735,2.446900,-0.779619,1.385720,1
1.103210,0.632847,2.838540,-0.626277,-0.248467,1
0.333058,1.906200,1.196690,0.713636,1.377690,1
0.544084,2.493470,1.147910,1.168650,-0.354553,1
0.474240,0.731396,0.956847,1.803170,-0.633642,1
0.114773,0.593750,1.195450,0.942045,-0.476705,1
0.334105,0.579824,0.977788,2.096710,1.297080,1
0.302295,0.580711,2.031650,1.122360,1.408,1
0.341478,1.222880,1.633490,1.285460,0,1
-0.117720,0.619992,1.461790,0.948781,0,1
0.271304,0.544080,0.438930,1.434380,0.850836,1
0.309677,-0.812500,1.327420,-0.464516,0.512903,1
0.173164,0.362331,0.693476,1.386540,-0.803857,1
1.138880,0.662105,2.769980,-0.606639,-0.241957,1
0.305051,1.20,1.679290,1.385860,0,1
0.174387,0.709035,2.382470,-0.876723,1.723390,1
0.253048,0.292062,0.593606,1.273370,0.993498,1
0.489933,0.722148,-1.085910,-0.999329,-0.784564,1
0.850512,2.024120,0.903143,0.523940,0.633772,1
0.0942558,0.391939,0.476674,1.762620,0,1
0.102860,0.434514,0.621547,1.843680,-0.796880,1
0.788606,1.414460,1.100280,1.856900,-0.592704,1
0.360073,0.588266,0.784268,1.500780,1.114750,1
0.0958904,0.497717,0.840183,0.849315,0,1
0.509225,1.904450,1.167800,-0.309186,-0.272674,1
0.447950,0.675442,1.287180,1.033360,2.068130,1
0.224742,0.618213,1.494160,0.633333,1.450860,1
1.219690,2.522930,0.772422,0.862986,-0.239556,1
0.0981623,0.450695,0.767369,2.514340,0,1
0.121060,0.544330,0.493962,0.468483,1.521650,1
0.187113,0.421943,0.393481,1.399960,-0.747699,1
0.246712,0.562835,0.768388,1.568920,-0.961276,1
1.019860,0.605169,1.868630,1.408950,0.755444,1
0.250252,0.757007,1.124420,1.020570,-0.579149,1
0.207077,0.870249,0.664155,2.123200,-0.786370,1
0.276740,0.804754,1.300510,0.640068,0,1
0.450704,2.115610,-0.460094,0.391013,0.464789,1
0.198652,0.635751,0.753370,1.258500,0,1
0.903831,1.135280,1.596170,-0.505188,0.859138,1
0.210064,0.821861,2.420370,1.257540,1.277120,1
0.525393,1.542930,1.830110,1.724,-0.478537,1
0.200746,0.733655,0.887451,0.339842,1.240020,1
0.129685,0.623188,0.993003,2.130430,-0.792854,1
0.886390,1.554610,2.311040,-0.560164,-0.227804,1
0.189303,0.609782,0.517945,0.790640,1.296620,1
1.028790,1.650590,1.820800,0.625405,-0.207269,1
0.592593,0.593168,1.713680,1.154100,-0.419113,1
0.159715,0.565500,-1.299520,-0.748061,-0.353595,1
-0.058297,-0.255685,-0.448234,-0.953556,0,1
0.325998,0.571262,0.310405,1.105800,0,1
0.319533,1.033,2.290120,1.105530,1.170740,1
0.104700,0.517028,0.331832,0.828596,0,1
0.173913,0.854475,0.867175,0.584043,-0.460033,1
0.417823,0.579678,1.722930,1.108,-0.775958,1
0.258155,0.698975,0.835508,2.133270,0,1
0.149325,0.513498,0.622047,1.332400,0.850675,1
0.269790,0.812415,2.105210,0.851996,0.414750,1
0.171733,0.472893,0.679097,1.616420,-0.756189,1
0.324782,0.814650,1.529280,1.280160,1.950180,1
0.443978,0.698257,2.216,0.741052,0.647059,1
0.182159,0.796478,1.384530,1.725750,-0.639145,1
0.121652,0.511802,0.828189,1.682710,0,1
-0.094195,-0.340635,0.691128,-0.622855,0,1
0.305246,0.598772,0.825893,1.920760,-0.635603,1
0.697798,2.406730,1.776430,0.749093,-0.223808,1
0.161684,0.631610,0.746395,1.327120,-0.638410,1
0.328358,1.144280,0.872068,1.914,-0.704335,1
0.334666,0.808674,0.805906,0.954476,0.864657,1
0.211149,0.319684,0.594968,1.600890,1.187960,1
0.535289,1.649880,1.335840,1.805310,-0.458366,1
1.030840,0.583793,1.866190,1.532310,-0.671514,1
0.641122,1.283500,2.266330,1.507540,-0.421273,1
1.391870,1.958060,0.901704,0.614679,1.069460,1
0.316600,1.118790,2.003980,-0.863817,0,1
0.556187,2.030170,0.840840,-0.263664,-0.256668,1
0.251030,0.510646,1.135990,1.042240,0,1
-0.183983,0.484639,-0.670521,-0.982396,0,1
0.585442,0.629390,1.866980,0.910732,-0.406710,1
0.211309,0.874395,2.555070,1.073660,1.180620,1
0.178224,0.702149,1.728300,1.328870,-0.821979,1
1.317390,0.820490,1.559790,1.641280,-0.503100,1
0.596088,0.671394,1.580930,1.095110,0.583130,1
0.301209,1.085590,2.021230,0.933355,1.104870,1
0.300886,0.538149,0.551194,1.290430,0,1
0.596952,1.132660,1.895570,-0.601468,-0.231442,1
0.225845,0.842147,1.019480,2.022270,-0.738370,1
0.213475,0.325042,0.699831,1.940590,1.283990,1
0.380535,1.368170,1.607900,0.783008,-0.601117,1
0.213451,0.510262,0.977266,1.266180,1.974740,1
0.601648,1.077050,1.397140,-0.580567,1.483640,1
0.997441,1.578370,1.247600,-0.353167,0.978887,1
0.234287,0.359156,0.756317,1.917100,1.345790,1
1.109050,2.193970,1.666150,-0.357095,-0.145028,1
0.373922,3.147810,1.502160,0.532687,-0.174389,1
0.891901,1.428570,0.880083,1.150850,-0.472367,1
1.326710,1.433010,2.092180,-0.415164,-0.168370,1
0.264991,1.078810,2.209400,-0.673330,-0.830763,1
0.760342,1.029480,1.582030,0.890157,-0.672848,1
0.775995,1.633330,1.503850,0.732689,0.619477,1
0.460978,0.809177,0.510720,1.196400,0.838979,1
0.349377,0.794264,2.317210,0.913466,1.410970,1
0.522321,0.538555,1.575080,1.194400,1.137990,1
0.118410,0.497040,0.800113,1.743160,0.775585,1
0.813362,0.950617,2.083510,1.058100,1.042850,1
0.0807453,0.332492,0.423719,-0.698758,1.923330,1
0.496938,0.377515,1.875980,2.463470,-0.697507,1
0.149691,0.652457,0.695249,-0.969248,0,1
0.111037,0.452007,0.573579,1.569900,0.892140,1
0.403456,0.390828,1.954360,1.140690,-0.682730,1
0.264049,0.936273,1.734070,0.998118,1.148430,1
0.696783,1.068120,1.810790,0.514664,-0.298486,1
0.108244,0.401636,0.263940,-0.230208,0,1
0.151185,0.819805,0.629986,1.776850,-0.828452,1
0.531664,2.657170,-0.510075,0.449338,0.698043,1
0.396250,0.629488,1.524630,1.985070,0,1
1.013610,0.652661,1.827530,1.070430,1.297320,1
0.226897,0.302780,0.589532,1.548210,0.964438,1
0.124781,0.793647,0.660250,2.029880,0,1
0.314782,1.188830,2.529970,-0.638352,-0.516891,1
0.403194,-0.647520,2.076770,-0.692911,0.832446,1
0.496894,0.773292,2.066250,-0.595756,0,1
0.263711,0.983664,0.622520,0.730455,0.868728,1
0.122570,0.446833,0.742968,2.027900,-0.833067,1
0.122218,0.827270,0.475097,1.191450,0,1
0.256622,1.028740,2.142210,1.259820,0,1
0.135540,0.458202,0.449263,-0.510147,1.154630,1
0.199732,0.506032,0.833110,0.837131,0,1
0.315706,0.670222,2.039040,0.977531,1.835,1
0.423189,0.690563,2.491220,0.941112,0.758230,1
0.565126,1.166980,1.552040,-0.516361,1.482580,1
0.610119,1.225,1.108040,1.224400,-0.430655,1
0.547076,1.069060,1.006640,2.258610,-0.731024,1
0.322426,1.981240,1.185430,0.856021,1.153140,1
0.103652,0.564984,1.152520,0.918367,-0.486574,1
0.268696,0.724902,2.656360,1.374080,0.892584,1
0.440674,0.793738,1.914500,0.961852,1.607210,1
0.195497,0.853659,1.670920,0.779362,0.477298,1
0.279965,0.619423,0.735346,0.937008,0,1
0.573439,0.733471,2.035800,-0.444635,0.641958,1
0.493211,1.572480,1.564040,1.508620,-0.348991,1
0.387670,0.577340,0.743127,1.540130,1.099970,1
0.499388,0.350979,0.357711,1.422890,1.371180,1
0.204663,0.350604,-0.865717,1.614420,-0.935233,1
0.240427,0.551343,0.647361,1.204230,1.425990,1
0.564222,0.407923,1.900960,-0.559579,0.431755,1
0.142650,0.393555,0.731354,2.065890,0,1
0.215131,0.376341,0.636864,1.861350,1.245940,1
1.401870,0.892731,1.488240,1.384660,-0.651760,1
0.480381,0.656131,1.948770,1.495910,1.356680,1
0.785972,0.546158,1.548220,1.736980,-0.756576,1
0.348472,0.807860,0.610044,0.931878,1.496510,1
1.205040,0.721523,2.708630,-0.604017,-0.236211,1
0.983242,1.915380,1.801920,-0.661538,-0.196703,1
0.201465,0.892178,0.909473,1.007950,-0.475693,1
0.543749,0.697562,2.078340,-0.482732,0.684983,1
0.221284,0.845017,0.918919,2.423140,0,1
0.567435,0.907407,1.464360,-0.616702,-0.491614,1
0.544343,2.081550,0.905199,0.603466,-0.404689,1
0.513400,0.544556,1.952930,0.978894,-0.547069,1
0.689371,1.288940,2.223860,1.190890,-0.418221,1
0.228868,0.718284,0.778236,1.252590,0,1
0.109189,0.697494,0.322196,0.578759,0,1
0.125247,1,0.649941,1.427500,0,1
0.178707,0.781392,2.472580,-0.786687,1.537250,1
0.321029,0.648355,0.387684,1.074880,0,1
0.167609,0.489524,0.542069,1.816100,-0.699701,1
0.562133,0.457960,1.509430,0.663833,0.621947,1
1.105120,2.761640,1.049100,-0.249616,-0.149361,1
0.895062,0.558708,1.321120,1.420800,1.516290,1
1.103360,0.632993,2.838830,-0.626277,-0.248759,1
0.278777,0.676146,1.059200,0.923970,0,1
0.962251,1.663690,1.232670,-0.710364,1.042550,1
0.214477,0.601155,2.277580,-0.771087,-0.904104,1
0.833688,2.046360,0.954913,1.252230,-0.456402,1
0.929196,0.343094,1.269670,1.583920,1.262670,1
0.204499,0.411299,0.654397,1.529400,1.854040,1
0.812990,2.257560,1.170770,1.007,0.785554,1
0.543378,0.508799,1.484720,1.332200,1.757020,1
0.553916,0.741014,2.497740,-0.841704,-0.404904,1
-0.142413,0.612859,0.589008,1.202900,-0.848254,1
1.059,2.208510,0.966864,-0.361261,-0.144935,1
0.141195,0.560124,1.007760,0.827773,0,1
0.371013,0.534673,1.803080,1.078940,-0.646114,1
1.209980,1.967140,1.315410,0.985663,-0.323477,1
0.465167,0.871484,1.689100,0.757897,-0.312852,1
0.967069,1.623560,1.715710,1.027790,-0.405740,1
1.115580,2.206050,1.501220,-0.407202,-0.147366,1
0.391089,1.409240,1.394390,1.683170,-0.481023,1
0.195350,0.731196,1.117320,1.889730,-0.709177,1
0.102231,0.513697,0.336346,0.812765,0,1
0.541204,0.852417,2.056260,-0.462758,0.377971,1
0.294604,1.017900,1.938330,1.108200,1.459530,1
0.892536,0.599788,1.390420,1.399420,1.392270,1
0.794733,0.860573,1.896200,1.714950,0,1
0.366589,1.632100,1.455140,0.562336,-0.387125,1
0.124248,0.629027,0.390442,0.668673,1.234340,1
0.717516,1.183210,1.790340,-0.473361,-0.394404,1
0.376099,1.329620,2.043180,0.817525,0.969064,1
0.228074,0.673361,1.563110,1.307380,0,1
0.290835,0.900154,0.781362,2.319,-0.814132,1
0.173374,0.496647,0.616030,1.916830,-0.738095,1
0.459112,0.972537,1.447680,0.677999,-0.351302,1
0.204170,0.739037,0.812365,1.877790,-0.900072,1
0.225760,0.948828,0.953580,0.602978,0,1
1.303300,2.464980,0.634372,0.760568,-0.310089,1
0.583384,0.593958,1.341090,0.676435,0.536556,1
0.116708,0.705050,0.671427,1.585360,-0.877580,1
1.053370,0.573360,1.926700,1.494960,-0.635749,1
0.242123,0.533231,0.692946,1.326830,-0.668325,1
0.651204,2.707400,0.894142,0.903360,-0.320547,1
0.525234,1.542460,1.829560,1.723180,-0.478392,1
0.914218,1.733650,0.613744,-0.217062,-0.109953,1
0.563950,0.459576,2.156890,0.906395,0.501325,1
0.261256,0.293341,0.609868,1.269880,0.929091,1
-0.318977,0.635039,0.881153,1.261980,1.014250,1
0.653018,2.545620,1.427230,0.868273,-0.228358,1
0.146132,0.531877,0.865688,1.359960,-0.486628,1
0.321030,3.019630,1.303560,0.677350,-0.200936,1
0.287088,0.930632,2.156050,0.902295,1.252850,1
0.108978,0.517337,0.865635,1.565020,-0.878947,1
0.566667,0.511111,1.017900,1.576540,-0.617284,1
0.250331,0.958057,0.712583,2.168650,0,1
0.308387,0.603548,2.102900,0.895806,0.546774,1
0.500405,0.731319,1.057730,1.347180,-0.396817,1
0.301209,1.085590,2.021230,0.933355,1.104870,1
0.150429,0.634840,1.424400,1.116130,-0.666797,1
0.311860,0.847483,1.560790,2.785410,-0.706698,1
0.403320,1.092890,2.390220,-0.686954,0,1
0.314286,1.028570,1.378840,1.959790,0,1
0.289571,0.824165,2.080660,-0.602430,0.401620,1
0.420993,0.573303,1.774960,1.340560,1.099260,1
0.169043,0.523478,0.539130,1.885220,0,1
0.909497,2.113590,0.864060,-0.229795,-0.106145,1
0.134977,0.482829,0.455786,-0.493,1.107570,1
1.366010,1.527410,1.842380,-0.417902,-0.150210,1
0.806087,1.226300,1.879570,1.044350,0.721304,1
-0.136047,-0.397429,0.703267,-0.743439,1.455810,1
0.440245,0.526484,1.647590,1.108060,1.931590,1
0.171523,0.768212,0.898940,0.825960,-0.246755,1
0.261521,1.101430,2.179340,-0.671664,-0.559874,1
0.304881,0.598605,0.825662,1.919940,-0.635146,1
0.442014,0.623264,2.161810,0.914583,0.611806,1
0.567406,2.411710,1.066190,1.285660,-0.362484,1
0.601338,0.905245,2.105980,1.776600,-0.519102,1
0.497497,0.850250,2.081930,1.021390,0.689577,1
0.159612,0.565695,1.140920,-0.498809,-0.534360,1
-0.268395,0.813036,-1.164320,1.662040,0,1
0.359574,1.301420,0.931206,1.889360,-0.614894,1
0.449300,2.338700,1.345410,1.410580,-0.353843,1
0.125149,0.567921,0.883168,0.887129,0,1
0.463541,2.400160,2.177230,-0.387244,-0.207431,1
0.301918,0.650120,1.298320,1.893290,-0.498801,1
0.352717,0.955978,0.749457,1.758150,-0.719565,1
0.222299,0.436288,0.520429,1.206720,1.686630,1
0.876527,0.254984,2.422190,-0.667203,-0.415756,1
0.354284,1.041900,2.617260,-0.727955,-0.385241,1
0.189595,0.449235,0.561228,1.624200,-0.781147,1
0.196673,0.705316,1.649870,1.020060,-0.520222,1
0.209851,0.749300,2.927640,0.985994,-0.491130,1
0.251539,0.686910,0.822733,1.845300,0,1
0.256858,0.757036,1.330600,0.756680,1.259710,1
0.171565,0.411483,1.957620,0.959216,-1.005240,1
1.026900,0.820660,1.077470,1.064200,0.468795,1
0.455043,0.429662,1.707030,1.483910,1.697910,1
0.346502,0.959985,2.339490,-0.752772,0.432522,1
0.787715,2.615100,1.060730,0.652688,0.541848,1
0.457834,0.770347,0.527445,1.141750,0.997476,1
0.356276,0.807412,1.508050,1.552170,-1.006400,1
0.693174,0.627023,0.715928,2.078350,-0.563922,1
0.361708,0.398898,1.621760,1.422590,0.670799,1
1.020120,2.501970,1.042880,-0.343051,-0.166823,1
0.503943,1.435130,1.551260,-0.378155,-0.239156,1
0.436135,2.860260,0.926856,1.080600,-0.321325,1
0.141830,0.308279,0.613072,1.503050,1.886060,1
0.0611916,0.276718,0.685651,-0.248411,-0.274600,1
0.292627,1.318840,1.760220,0.999712,1.247550,1
0.998629,1.019200,1.140700,0.751509,-0.278662,1
1.061610,1.602180,1.668610,-0.575811,-0.203093,1
0.236474,0.772225,2.183550,-0.608138,0.365325,1
0.093462,0.612988,1.140410,1.182540,0,1
0.459267,0.709267,2.143580,1.706210,-0.579939,1
0.136578,0.695307,1.079220,1.629750,0,1
0.367244,1.672650,-0.401604,-0.351129,0.624024,1
0.212160,0.585474,0.688412,1.342820,1.255780,1
0.494329,2.367040,1.051980,0.751103,-0.290800,1
0.137847,0.654976,1.024470,0,0,1
0.516953,0.837296,1.658740,0.895421,-0.548217,1
0.813909,0.334074,2.258180,-0.651,-0.393776,1
0.506585,1.163350,0.873273,0.814166,-0.729682,1
0.150192,0.827168,0.946634,1.826970,0,1
0.950662,2.365220,-0.493381,-0.182912,-0.101083,1
0.472295,3.202120,-0.685571,0.624024,0.457047,1
0.863063,0.684685,1.927930,1.895950,-0.536036,1
0.231737,0.769577,1.628730,0.880939,-0.400188,1
0.355748,0.881236,0.802603,1.905100,-0.771692,1
0.233800,0.575758,0.717949,0.944988,-1.008860,1
0.207198,0.658456,1.056080,0.615653,1.462260,1
0.258625,1.255010,2.004340,-0.496261,-0.265139,1
0.361467,0.686411,2.173410,0.775109,0.732525,1
0.366601,0.416147,1.871150,1.073070,0.757263,1
0.344771,0.688453,0.765795,2.200440,1.909040,1
0.286623,0.816262,1.132860,1.040650,0.353850,1
0.243474,0.505146,0.472892,1.348020,-0.844252,1
0.214764,0.610912,1.407430,-0.445942,0.476937,1
0.149940,0.391044,0.778089,2.210320,-0.693323,1
-0.106565,-0.514699,-0.665605,-1.526460,0,1
0.306071,0.483336,1.900740,1.403710,1.525670,1
0.356560,0.900816,1.058380,1.343380,0.750157,1
0.454773,1.412050,2.147840,1.310330,-0.514659,1
0.253543,0.421626,1.865270,1.306950,1.838240,1
1.140060,1.366480,1.218950,1.110180,-0.671802,1
0.405651,1.015910,1.185770,2.046770,0,1
0.252949,0.480668,1.121560,-1.006880,2.337160,1
0.232207,0.775701,0.782890,1.645580,0,1
0.507031,1.591810,0.942928,1.731600,-0.538462,1
0.199836,1.041850,0.603611,1.050880,0,1
-0.0515856,0.651163,1.206770,1.263,0,1
0.327887,0.773965,0.772331,1.417210,0,1
0.321463,1.231800,1.664550,2.404770,-0.653418,1
0.0795802,0.262571,0.868022,0.475514,-0.479012,1
0.984116,2.097270,1.248970,0.780832,-0.229877,1
0.324433,1.044060,1.512680,1.036850,0.666489,1
0.469947,0.566116,2.062730,1.201350,0.704358,1
1.067160,0.501422,1.841340,0.782396,-0.249210,1
0.139250,0.635426,0.517695,0.514138,1.456340,1
-0.0920952,-0.391021,-0.537222,-0.685342,0,1
0.289382,0.868967,1.597250,2.631550,-0.795646,1
0.568622,0.908458,2.019370,-0.531105,-0.225784,1
0.482558,0.925926,1.565460,0.679479,-0.340332,1
0.507680,3.091750,1.039730,0.693221,-0.255171,1
0.414389,2.453060,2.163970,-0.400074,-0.212121,1
1.057060,1.934680,1.325330,-0.473223,-0.183433,1
0.416031,0.710348,2.024170,1.498300,-0.592027,1
0.128105,0.597942,0.393896,0.601845,1.315120,1
-0.067456,-0.286337,-0.584982,1.797010,-0.686711,1
0.365302,0.526193,2.424450,0.917863,0.957415,1
0.679235,0.656162,1.835120,1.736630,0.846933,1
1.090620,0.859954,1.686040,0.657666,-0.262700,1
0.584289,1.413470,2.370980,-0.653341,-0.275091,1
-0.238683,0.700176,0.858319,1.291590,1.084070,1
0.885320,0.328152,1.847320,0.751295,0.387219,1
0.373399,1.298750,1.944800,0.859718,1.325320,1
0.475097,0.362711,1.871370,2.417060,-0.680165,1
1.146700,0.597885,1.716840,0.635512,-0.247269,1
-0.195289,0.931800,1.388110,-0.706656,0.988496,1
0.796680,1.248960,1.456260,-0.451072,-0.173064,1
0.325813,0.457295,1.856290,1.601480,1.480420,1
0.156744,0.642449,0.458796,0.761184,0,1
0.563646,1.167590,1.752360,-0.494441,-0.229294,1
1.393180,2.061420,1.372260,0.577118,-0.159636,1
0.468724,0.494579,1.153460,1.905340,0,1
0.935294,1.688240,0.593137,0.627451,-0.206863,1
0.390641,0.904883,0.689217,0.987284,0,1
0.305242,0.939568,1.636790,-0.981501,1.583560,1
0.563429,1.167430,1.752120,-0.494234,-0.229262,1
0.218528,0.912400,0.940759,-0.551284,0.882622,1
0.244327,0.562238,2.089670,0.838731,0.599692,1
0.960373,0.430769,1.293240,1.325870,0.919347,1
0.253496,0.872211,2.362990,-0.585094,-0.327135,1
0.717433,1.182570,1.789660,-0.472989,-0.394444,1
0.122251,0.723785,1.250130,1.291560,-0.495652,1
0.769302,2.191630,1.815810,0.518140,-0.193953,1
1.156890,2.252800,1.342090,-0.457182,-0.158027,1
0.446484,0.589608,2.048230,0.884256,0.666148,1
-0.0687919,-0.273490,-0.569990,1.198230,1.274210,1
0.458346,0.923756,1.970270,-0.625258,1.591990,1
0.304398,1.151620,2.567900,-0.645640,-0.638117,1
1.317390,0.820490,1.559790,1.641130,-0.502805,1
0.773981,1.041690,2.066460,-0.651724,0.796552,1
0.192066,0.291573,0.551322,1.358140,0.978485,1
0.374475,1.348450,1.520570,1.561710,-0.497901,1
0.330550,1.162960,1.909090,1.493200,1.116880,1
1.079400,2.081960,1.781190,-0.401025,-0.171972,1
0.169208,0.728818,1.158710,1.954010,-0.764059,1
0.352628,0.827113,1.317970,0.986291,-0.472582,1
0.919576,1.144370,2.171830,0.776383,0.471361,1
0.222725,0.750309,2.305480,1.018730,1.273160,1
0.334813,2.761450,-0.514834,1.348740,-0.330979,1
0.920620,1.677640,0.558567,0.667957,0,1
-0.103953,0.767204,1.296240,1.229380,0.664714,1
0.594106,0.556959,2.291230,1.120850,0.556711,1
0.232775,0.384916,1.589440,1.503590,2.106060,1
0.208846,0.543399,0.431992,1.936150,-0.739608,1
0.369988,0.517468,1.821340,2.469870,-0.765768,1
0.168535,0.732282,1.460760,1.432070,-0.480524,1
0.700438,2.430160,1.251090,0.542242,0.785931,1
0.249359,0.569010,0.932786,2.164700,-1.034380,1
0.229756,0.723941,2.633310,1.233050,0.640334,1
0.480081,0.508537,1.363820,1.578460,-0.977642,1
-0.323254,0.674191,1.197190,-0.899915,-0.738075,1
0.577177,0.894895,1.831230,-0.672673,1.463660,1
0.617607,0.566621,1.996260,1.247110,1.241330,1
0.503943,1.434940,1.551260,-0.378155,-0.239353,1
0.279950,0.685372,2.125790,-0.686633,0.476671,1
0.421120,0.673947,1.826310,0.893628,1.511050,1
0.158111,0.377892,1.058730,-0.398084,0.494935,1
0.228682,0.801642,1.485410,-0.791154,1.558600,1
0.958865,0.755245,1.610860,0.941588,1.499380,1
0.320270,0.822432,0.849189,0.806486,0.823514,1
0.393561,2.693760,-0.585513,1.585110,-0.456338,1
0.420735,1.073220,1.838330,1.101260,0,1
0.410616,1.046070,0.668503,0.981973,-0.331998,1
0.740421,2.401820,1.721260,-0.458333,-0.170019,1
0.535362,0.876125,1.788470,-0.852550,1.208320,1
0.34,0.663810,2.174050,1.206900,1.762860,1
0.319200,1.058930,2.039470,-0.750533,1.249330,1
0.316277,0.619760,1.235710,-0.517692,0,1
0.0717686,0.375687,0.656536,1.929700,-0.578176,1
-0.195497,0.853659,1.670920,-0.779362,-0.477298,1
0.485851,1.175590,0.878964,1.356290,-0.580293,1
0.161427,0.176875,-0.167220,0.713833,-0.937283,1
1.204710,0.721415,2.708230,-0.603776,-0.236026,1
0.228934,0.649481,0.876106,2.197770,-1.006930,1
0.202703,0.689189,0.792954,-0.400579,1.490110,1
0.182251,0.731044,1.465150,1.307550,-0.537062,1
0.325387,0.854413,1.638580,1.220560,1.817470,1
0.297501,0.642220,1.589600,0.778350,0.712922,1
1.474440,1.910690,1.587850,-0.271266,-0.122795,1
-0.0814922,-0.263310,-0.580587,-0.581311,1.145240,1
0.530318,0.449722,2.178120,0.994442,0.599545,1
0.371157,1.253660,1.560400,0.698389,-0.354685,1
0.328261,1.369040,2.045650,1.131480,1.140640,1
0.590079,0.972615,1.520840,1.281950,1.440920,1
0.135031,0.142164,-0.153292,-0.663100,1.232330,1
0.161752,0.531910,0.651629,1.319760,1.051720,1
0.368891,0.479506,1.833160,1.151080,0.579874,1
0.735562,0.75,1.829790,2.180850,-0.552432,1
1.283390,2.380660,1.223390,-0.347793,0.221097,1
0.636064,0.675096,1.915340,1.532160,0.725673,1
0.336763,1.199250,1.958840,1.050510,-0.713751,1
0.198235,0.676868,1.169010,1.590570,-0.513372,1
0.256628,0.392365,0.769883,0.966419,0.786497,1
0.147905,0.583490,0.451532,0.710757,0,1
0.419463,0.601230,1.126960,1.044740,0.554251,1
0.562454,2.577500,-0.598101,0.433309,0.490577,1
0.278313,1.133510,2.136500,-0.837928,1.005310,1
1.299720,1.380060,1.810530,-0.521884,-0.189474,1
1.078070,0.899953,2.516600,-0.648901,0.382889,1
0.478640,0.357454,1.890800,2.419140,-0.676983,1
0.106526,0.415355,0.630902,1.861230,-0.632438,1
0.146732,0.970927,0.889951,1.084880,0,1
1.067320,0.501580,1.841340,0.782554,-0.249368,1
0.222092,0.432692,0.684334,1.743430,0,1
1.003830,0.527322,1.608200,1.903830,0.718033,1
0.547525,0.611386,1.953960,-0.610396,-0.360891,1
0.114525,0.513966,0.733041,0.725459,0,1
0.557668,0.409601,1.942640,-0.496883,0.439838,1
0.283835,0.742011,1.263160,1.046520,-0.379229,1
0.773668,1.042010,2.066460,-0.652038,0.796238,1
0.209917,0.454215,0.517025,-0.730909,0,1
0.140870,0.296754,0.560609,1.412010,1.811880,1
0.309655,0.502159,1.451730,1.496080,1.734500,1
0.911836,0.790494,0.893383,1.415660,0.563281,1
0.252294,0.623436,1.679730,-0.670559,2.141370,1
0.452165,0.758817,0.522914,1.077090,0.981626,1
1.157680,2.390770,1.307050,-0.248230,-0.128631,1
0.101493,0.629254,0.293134,0.739701,1.562390,1
0.369554,0.809575,0.888112,1.627760,-1.039270,1
0.151605,0.526420,0.834568,0.862222,0.997037,1
0.200983,0.713788,1.575910,1.344600,1.485760,1
1.116530,2.852120,0.805106,-0.284125,-0.154196,1
0.588786,0.655584,1.451870,0.484963,0.375548,1
0.911284,1.034930,0.612968,0.808495,0.826590,1
0.275581,1.265120,2.349420,-0.651163,0,1
0.409053,0.752907,1.935220,0.942276,1.233800,1
0.366558,1.258170,1.591500,1.568080,0,1
0.749652,1.366820,1.504180,-0.439763,-0.162256,1
0.145429,1.035320,0.629501,1.289470,0,1
0.113867,0.614740,-0.663640,2.073700,-0.840727,1
0.127007,0.724088,0.291971,0.519708,0,1
0.195392,0.425194,0.699282,1.953020,1.492520,1
1.071820,0.889792,2.556460,-0.668022,-0.373080,1
0.112355,0.513560,-0.886784,1.608700,-0.793801,1
0.422576,1.251140,1.840270,-0.554327,-0.524073,1
0.696629,1.042580,1.942050,0.840331,1.487290,1
0.398714,1.039300,2.426940,0.899250,0.412647,1
0.443267,0.989964,1.751600,0.942570,0.927237,1
0.109422,0.441337,0.875988,0.757447,0,1
0.428865,1.231090,2.523030,-0.797697,0.622944,1
0.134570,0.430456,0.436400,-0.240609,0,1
0.556553,1.247460,2.435660,-0.622904,-0.280519,1
0.980513,1.568690,1.486520,1.172460,-0.597272,1
0.573537,0.969941,1.125340,1.160490,1.801930,1
-0.258635,0.619208,0.870261,1.166810,-1.012640,1
-0.0869861,-0.335226,-0.820123,-1.280490,-0.787418,1
0.686758,1.870590,0.636589,0.378302,-0.286474,1
0.133628,0.399115,0.524248,1.404070,0,1
1.702380,1.179490,1.152930,0.711538,-0.546703,1
1.013020,1.816770,1.977220,-0.460576,-0.174468,1
0.802776,0.395739,2.034540,-0.540349,0.500323,1
0.394302,1.646150,0.848130,0.448486,0.298906,1
0.138717,0.422139,0.462888,1.516900,0.961283,1
0.429530,1.043290,1.192950,2.293620,1.078860,1
0.233529,0.48,1.110590,-0.947353,2.372650,1
1.506210,0.815439,2.557230,-0.501775,-0.267524,1
0.650214,1.236920,1.356040,0.992103,1.502470,1
0.990272,2.640450,0.720713,0.802594,-0.271180,1
-0.114758,0.619285,0.901766,1.713900,-0.827524,1
0.219353,1.263160,0.835894,0.971232,0.568486,1
0.200798,0.423703,0.782008,2.000610,0,1
0.318677,1.231170,0.760557,1.386160,-0.735307,1
0.538243,1.103920,1.580950,-0.508784,-0.267568,1
0.838507,1.302410,1.471920,-0.408441,-0.140042,1
0.214096,0.954425,0.682565,1.696340,-0.644939,1
1.970620,2.301670,-0.412438,-0.137352,-0.0885158,1
1.083430,0.580397,1.966790,1.263670,1.060750,1
0.596227,0.186758,1.576170,0.863313,-0.568700,1
0.139655,0.784483,0.344828,0.565517,0,1
0.215453,0.771174,0.837296,1.890040,0,1
0.251417,0.963679,1.656110,-0.753478,1.305260,1
0.795999,1.215270,0.822485,0.415046,0.889828,1
0.172355,0.638225,1.644200,0.849829,-0.453925,1
0.153269,0.562715,0.462308,0.703472,0,1
0.146196,0.556642,0.918197,1.846410,-0.458860,1
0.878505,0.719626,1.949270,1.896310,-0.520249,1
0.120079,0.773404,0.492888,1.221960,-0.679457,1
0.119296,0.653846,0.257497,0.403520,0.872881,1
0.191774,0.629477,1.019370,0.704370,1.200170,1
0.399620,0.886757,1.769510,1.121890,-0.716154,1
0.181017,0.720865,0.527433,0.791350,0,1
0.411036,0.735923,2.119090,0.838964,-0.450732,1
1.615350,1.576290,-0.422797,0.483651,0.555404,1
0.828136,2.410350,1.260810,0.483700,-0.154855,1
0.469080,0.547763,1.693820,1.319260,1.587480,1
0.722222,1.094250,1.432540,-0.934524,1.467260,1
1.174930,1.208210,2.314350,-0.468565,-0.284024,1
0.337320,1.324950,1.530720,0.700619,-0.456907,1
0.186037,0.769438,1.214290,0.709847,-0.210519,1
0.109189,0.697494,0.322196,0.578759,0,1
0.813658,0.950963,2.084270,1.058120,1.043590,1
0.541792,1.011320,1.809520,0.795871,1.370300,1
-0.102005,0.723627,1.210550,1.292940,-0.591543,1
0.298028,0.611395,0.497626,1.293100,1.020090,1
-0.143606,-0.562727,-1.040740,-0.916499,0,1
0.554200,0.623833,1.503950,1.151230,0.626705,1
0.254754,0.747049,1.719840,0.953115,0.447869,1
0.244692,0.369648,0.737557,0.928646,0.739297,1
0.168841,1.033770,0.888910,1.278400,0,1
0.612437,3.148590,-0.746927,0.849964,-0.388648,1
0.443596,1.333040,2.259980,1.261020,-0.565082,1
0.538564,0.652597,2.008400,0.619558,0.753039,1
0.495642,1.170830,2.479950,0.947124,-0.351540,1
1.057760,2.478660,-0.455172,1.435560,-0.285991,1
0.680921,1.257400,2.309620,1.406250,0,1
1.116070,2.346760,1.605760,-0.317026,-0.156355,1
0.539447,0.710909,1.794080,1.127310,1.428940,1
0.554424,0.218725,1.588190,0.873412,-0.601808,1
0.133464,0.487242,0.980373,-0.558391,0.642787,1
0.211879,0.746232,0.905363,-0.392952,1.210330,1
0.384072,0.424735,1.900260,1.008290,-0.408470,1
0.225503,0.608696,0.580143,1.346850,0,1
0.152578,0.550118,1.112010,1.995030,-0.850563,1
0.410874,0.834081,0.820067,1.409190,0,1
0.544546,2.094220,1.310750,0.607451,-0.199784,1
0.416759,0.567255,0.905182,1.194050,0,1
0.513568,0.544724,1.953100,0.979229,-0.547069,1
0.0735914,0.352242,0.808356,1.878880,-0.615562,1
-0.114605,0.481549,-0.579002,-0.874740,0,1
0.652405,1.176780,1.717740,-0.463350,0.680929,1
0.384866,0.669804,2.206370,0.838885,0.794352,1
0.194392,0.652330,1.006750,1.212950,-0.437698,1
0.315318,1.125680,1.037420,1.180680,1.418610,1
0.225292,0.964401,0.971521,-0.559078,0.887269,1
0.806922,1.646740,1.475970,1.159900,-0.410755,1
0.551293,0.418286,2.130300,0.910090,0.484536,1
0.312697,1.214320,0.800367,1.077120,0.748426,1
0.439580,0.728336,0.846777,1.453370,-0.994903,1
0.736077,2.344030,0.998354,0.617558,0.732785,1
0.319360,1.171490,0.955793,1.830790,-0.771341,1
0.227813,0.843550,1.007320,2.519670,-0.974382,1
0.615752,0.753305,2.194940,-0.546554,-0.230661,1
0.540800,0.493333,0.740800,1.654400,-0.625600,1
1.232410,1.284610,1.167040,0.434862,0.239219,1
0.679365,0.639365,1.928250,0.926349,0.535238,1
0.217555,0.330601,0.468238,1.109970,1.844950,1
0.109532,0.502072,0.867969,0.864417,0,1
0.556075,0.611916,2.481540,0.969393,0.476636,1
0.571755,2.888240,-0.527178,0.836043,-0.365253,1
0.646345,2.707740,-0.575701,0.369257,0.560243,1
0.301266,1.256010,1.687660,2.351270,-0.710443,1
0.220372,0.535119,0.665218,1.347570,0,1
0.279765,0.858877,2.111100,1.338900,1.169580,1
0.693571,0.627405,0.716096,2.078840,-0.564054,1
0.199732,0.506032,0.833110,0.837131,0,1
0.856703,0.542373,1.611710,1.853110,0.766821,1
0.571879,2.467840,1.181590,0.830391,-0.370744,1
1.098170,1.263890,2.397340,-0.484526,-0.219967,1
0.517869,0.819285,2.246460,1.016180,1.260620,1
0.670778,1.885200,1.554080,0.741935,1.019920,1
0.242297,0.722676,1.084010,2.036870,0,1
0.279134,0.701059,0.935514,1.152,0,1
0.119537,0.398203,0.845439,2.126240,-0.769910,1
0.200238,0.665636,0.748870,-0.366468,1.390960,1
0.343167,0.927184,1.783050,1.191560,1.546300,1
0.198113,0.669575,0.768160,-0.384434,1.479950,1
0.367328,0.510387,0.945703,0.886213,0.639754,1
0.187695,0.518424,0.219526,0.998931,1.674620,1
0.154652,0.328232,0.534434,1.662100,-0.888844,1
0.249750,0.891109,0.891109,2.312690,0,1
0.215496,0.523418,0.517190,1.435480,-0.933981,1
0.590610,1.229670,1.481760,0.805921,1.527510,1
0.245170,0.521457,0.790050,1.134720,1.036760,1
0.963921,1.477880,1.244380,0.845473,1.183800,1
0.911478,1.413100,1.861940,1.070930,-0.400108,1
0.930201,1.519460,1.314770,0.765772,1.126170,1
0.119296,0.653846,0.257497,0.403520,0.872881,1
0.382648,0.393918,1.807160,1.108230,-0.720036,1
0.582289,0.400864,1.881640,1.016850,0,1
0.107574,0.397347,0.450492,0.421138,-0.360291,1
0.966015,1.847710,1.467140,0.741263,0.612376,1
1.362890,1.640730,1.935550,-0.367277,-0.152746,1
-0.321157,-0.598672,1.495730,0.806452,-0.366224,1
0.103133,0.426948,0.642639,1.373720,0.984197,1
0.407452,2.613130,2.019900,-0.405750,-0.186118,1
0.629541,0.999631,1.737970,1.238060,1.263510,1
0.530019,0.921201,2.206380,-0.809568,0.586773,1
1.035260,1.538240,1.081150,-0.549391,-0.201970,1
0.370505,2.472200,2.173610,-0.428798,-0.189767,1
0.0921946,0.412896,0.686652,0,0,1
0.675785,2.231390,1.363680,1.143950,-0.306726,1
-0.247472,0.523832,1.13,1.934520,-0.976890,1
1.102470,0.874243,1.714020,0.641360,-0.258500,1
1.469,1.318490,1.680380,-0.468997,-0.166855,1
0.436068,0.574344,1.057480,2.314450,0,1
0.834281,2.202500,1.692070,0.436481,-0.182025,1
0.239246,0.753380,-0.972143,1.907410,0,1
0.190260,0.846357,0.768781,1.298980,0.876557,1
0.824470,1.346410,0.778843,0.365010,0.839,1
0.527968,1.670820,1.743260,1.062370,-0.239437,1
0.122601,0.915002,0.777125,1.983940,-0.805719,1
0.446276,0.769231,1.029300,1.576310,-0.503663,1
0.624014,1.051860,1.450390,1.287300,1.330510,1
0.557514,0.473887,2.098050,0.860942,1.546620,1
0.950427,0.554944,1.311210,1.481130,1.495460,1
0.454818,0.841862,1.863640,-0.621938,1.512250,1
0.206752,0.308526,0.629867,1.796450,1.316410,1
0.983453,1.848920,-0.384173,-0.181295,-0.115827,1
0.403093,1.026,1.204670,1.809480,1.524840,1
0.068892,-0.165723,0.427616,-0.407617,0,1
0.608716,0.630042,1.411370,0.539484,-0.388657,1
0.648201,0.754426,1.926330,1.264990,-0.527698,1
0.336575,0.681794,0.799028,2.159370,1.866560,1
-0.217469,0.793226,-0.519073,1.582530,-0.767914,1
0.151143,0.509146,0.505295,-0.311913,0.943562,1
0.110599,0.396889,0.799539,0.683180,0,1
-0.0504454,0.420224,0.922828,-0.356821,-0.356589,1
1.014270,0.491348,1.760930,0.846539,-0.239375,1
0.661072,0.798135,1.355240,0.795804,-1.106760,1
0.824555,2.156190,1.006900,1.280780,-0.436251,1
0.927342,2.496040,1.039330,0.798416,-0.241737,1
0.383490,0.710554,2.162310,0.789969,0.635667,1
0.224335,0.558302,0.638150,1.558940,0,1
1.125810,0.909217,2.505990,-0.595392,-0.353456,1
0.109808,0.626156,0.913867,2.219840,0,1
0.173300,0.673496,0.755187,1.377140,0.731698,1
1.021030,0.493659,1.729660,0.886792,-0.244046,1
0.230678,0.661316,2.467300,1.152990,1.191040,1
0.283546,0.923497,0.672131,0.668488,0.873710,1
0.590750,1.120640,1.491710,-0.657286,1.704840,1
0.568622,0.908595,2.019370,-0.531241,-0.225921,1
0.155142,0.687057,1.304960,1.694150,0,1
0.161017,0.677966,0.808851,2.134180,-0.853578,1
0.935831,2.357110,1.621760,0.519330,-0.173774,1
0.324942,0.765154,0.736337,1.372640,-0.677045,1
0.552543,0.379684,1.665280,0.713762,0.690480,1
0.611506,0.592685,1.924360,1.405540,1.256750,1
0.314425,1.186310,1.594620,1.326650,-0.623472,1
0.544065,2.081,0.904228,0.602649,-0.404483,1
0.744115,0.889142,1.877750,1.600610,-0.767654,1
0.470653,1.470650,1.614250,1.502770,-0.514950,1
0.175182,0.414142,0.364051,1.344620,-0.857026,1
0.225040,0.851823,0.534073,1.810620,-1.057840,1
1.321850,1.284240,2.041570,-0.441409,-0.179137,1
0.0964674,0.619565,1.139950,1.163500,0,1
0.306180,1.123600,0.887640,1.904490,-0.735253,1
0.108780,0.471563,0.771949,0.685257,0.637769,1
0.242073,0.796526,1.295010,1.680450,0,1
0.203694,0.416624,0.705233,1.822990,1.687530,1
0.520978,1.330820,2.355570,0.886508,-0.300332,1
0.596783,1.132340,1.895030,-0.601016,-0.231377,1
0.777900,1.791460,-0.416346,0.276709,-0.262782,1
0.113885,0.591264,0.939158,0.908736,0,1
0.595508,0.496109,1.501060,0.652282,0.704634,1
0.511900,0.870146,-1.300210,0.648852,-0.323800,1
1.308860,0.768133,1.780620,1.657250,-0.414090,1
0.368571,2.828790,0.700879,1.400880,-0.329011,1
-0.589916,-1.327310,-0.549205,-0.647344,0,1
0.228429,0.881201,0.792414,2.501460,0,1
0.446329,0.589608,2.048230,0.883945,0.666148,1
0.0987048,0.534259,0.854084,-0.443911,0,1
0.104614,0.707219,1.456980,-0.561868,0,1
0.316049,0.782716,0.865432,1.369140,1.196300,1
0.147611,0.672034,1.092190,1.526030,0.648148,1
0.737717,0.570373,2.036940,-0.591060,0.390100,1
0.287238,1.607300,1.656130,1.296680,-0.484202,1
0.425646,1.015600,0.799610,1.008780,-0.356412,1
1.136500,0.603194,1.704500,0.635989,-0.259272,1
0.098311,0.691641,0.303162,0.712430,0,1
0.114299,0.500911,0.938525,0.881603,-0.520492,1
0.210400,0.606357,0.220252,1.168420,1.434160,1
0.145422,0.510450,1.109210,1.565790,0,1
0.458759,0.707908,1.150510,1.516580,-0.510629,1
1.706750,1.573540,0.449121,0.381129,0,1
0.597864,1.594660,2.136980,0.705207,-0.256876,1
0.474122,1.092930,1.335700,0.696960,-0.376053,1
1.236120,1.986020,1.835400,-0.380344,-0.166600,1
0.0986893,0.661141,0.362760,0.649190,0.649961,1
0.117988,0.541586,0.738395,0.953578,1.411030,1
0.272135,0.718600,0.412835,1.060740,-0.517502,1
0.171717,0.474059,2.066570,0.749541,-0.701561,1
-0.222343,-0.565113,-0.797692,-0.931402,-0.406577,1
0.105814,0.634884,0.252326,0.453488,0.943605,1
0.794038,1.392050,1.044490,-0.629404,-0.632791,1
0.353695,1.407240,1.046,1.962290,0,1
0.158835,0.329320,0.617476,1.513400,-0.873010,1
0.445370,0.964755,2.056390,0.958026,1.309840,1
0.230454,0.748654,2.932800,-0.969847,0.515830,1
1.099280,1.843380,1.034780,1.368990,-0.461641,1
1.013240,2.312500,1.530880,-0.381250,-0.162132,1
0.267898,0.832333,0.727021,2.286370,-0.760277,1
0.554037,1.308490,2.099790,0.990062,1.002480,1
0.302189,0.696577,0.708603,1.226950,-0.736972,1
0.584171,0.843026,1.965020,0.938784,1.357670,1
0.401887,0.658640,1.535960,1.769280,-0.692808,1
0.646821,2.708670,-0.575723,0.369364,0.560405,1
0.677182,0.443042,1.583950,-0.536278,0.442692,1
0.287136,0.813744,1.049280,1.082140,-0.348913,1
1.256150,2.371930,1.133810,-0.324041,-0.128567,1
1.053370,0.573292,1.926470,1.495020,-0.635674,1
0.203515,0.526981,0.406722,1.659570,-0.714462,1
0.158677,0.686481,1.128950,1.911310,0,1
0.236772,0.788732,1.022840,2.106200,-0.856871,1
1.199170,2.525290,1.239570,-0.325600,-0.166058,1
0.0900474,0.680885,0.261190,0.768826,0,1
0.572059,2.468620,1.181960,0.830337,-0.370861,1
0.435144,0.760532,0.771619,1.192350,1.156870,1
0.581564,1.276020,1.749350,1.477990,-0.399793,1
1.396270,1.148600,0.980617,0.661881,1.498920,1
0.531707,0.573442,2.070460,1.389700,1.461250,1
0.161100,0.552063,0.982973,1.504260,-0.933202,1
1.048120,1.726290,1.747210,0.695607,-0.206416,1
0.328617,2.133310,0.923845,0.435983,-0.325704,1
0.978928,1.545150,1.490370,0.576460,1.143590,1
0.714820,0.847305,1.804640,2.093560,-0.620509,1
1.936270,2.327510,-0.422074,-0.148015,-0.0930233,1
0.208532,0.432697,0.623211,1.428990,2.012450,1
0.168341,0.703509,0.758077,1.267580,1.578140,1
0.647094,0.860169,1.755450,0.992736,1.421910,1
1.298780,1.228730,0.921372,0.607577,1.533240,1
1.030300,1.402150,1.402780,-0.409091,1.115530,1
0.226699,0.977926,-0.603714,2.217590,-1.007710,1
0.925510,1.531780,1.984180,0.859649,-0.243601,1
0.672275,0.595735,0.649763,2.122270,-0.552607,1
0.561854,1.253390,2.337850,-0.667661,-0.280239,1
0.353723,1.005320,1.607050,0.834774,-0.337766,1
0.329394,0.80,0.792121,0.956667,0.872727,1
0.135053,0.767830,0.321700,0.546282,0,1
0.891392,0.909114,1.040510,0.847848,-0.229873,1
0.596201,1.555050,1.434050,0.699261,1.074220,1
0.473788,1.277490,2.454080,-0.761135,0.790698,1
0.872945,1.693950,1.540360,-0.519806,-0.207399,1
0.517349,1.118160,2.513910,1.132230,-0.358237,1
0.238226,0.609970,0.755010,0.864479,-0.918086,1
0.465347,1.193070,1.433170,1.549500,-0.688119,1
0.179557,0.679477,0.923138,1.822680,-0.782491,1
0.278827,1.930420,0.803181,1.596420,0,1
1.213310,0.696672,1.807110,1.232980,0.646747,1
0.106870,0.621844,1.229590,0.943629,0,1
0.326738,0.659358,0.765241,2.196790,2.149200,1
0.272095,0.820665,1.666580,0.889719,-0.377222,1
0.350660,0.785258,1.030250,1.792500,0,1
0.888669,1.660060,1.281700,-0.370840,-0.140254,1
0.958588,0.934462,1.851640,-0.615052,0.965070,1
0.224773,0.362745,0.738164,1.629600,-0.970349,1
0.146870,0.624634,0.665594,0.870392,-0.562025,1
0.520048,0.380012,0.535009,1.639740,0.997606,1
0.408556,0.647616,1.571850,2.167540,-0.727956,1
0.665673,0.618252,1.839550,1.067400,0.562780,1
0.287412,0.990005,1.565910,0.904106,0,1
0.325939,0.457527,1.856470,1.601630,1.480660,1
0.109774,0.543880,0.343411,0.866158,0,1
0.624619,2.479840,1.712060,0.655438,-0.200681,1
1.308860,0.768282,1.780470,1.657250,-0.413942,1
-0.0851371,0.562049,0.928571,0.956710,-0.724387,1
0.229802,0.398379,0.533408,1.719600,1.698630,1
0.130672,0.263018,0.266439,-0.386011,0.785774,1
1.138670,2.420760,1.188630,0.572351,-0.190784,1
0.500956,0.461896,1.551490,1.562410,1.703630,1
0.367337,0.787940,0.858291,1.385930,1.212060,1
1.584510,1.259230,2.017770,-0.584510,-0.268337,1
0.174282,0.719109,1.091380,1.546410,-0.581466,1
0.172624,0.630340,1.635570,0.917175,-0.425458,1
0.703361,0.863025,1.594680,0.915406,1.495520,1
0.598324,1.598320,2.130400,0.708039,-0.255041,1
0.822235,1.508110,0.870295,1.311810,1.496820,1
0.770423,2.304440,1.031520,0.764119,0.957447,1
0.571510,1.309270,1.463910,1.935820,-0.500667,1
0.488573,2.943980,0.651895,0.779543,0.755574,1
0.470292,0.637210,1.771900,1.188820,1.475830,1
0.542564,0.485641,0.787692,1.552820,-0.667692,1
0.580353,1.223620,1.911480,1.785870,-0.516336,1
0.278260,0.533912,0.383356,1.362830,0.771477,1
-0.205644,0.938161,1.674,-0.780452,0.960365,1
1.396320,1.668030,1.742470,-0.369052,-0.138378,1
0.567619,2.557140,0.811238,1.003430,-0.410667,1
0.133603,0.461538,0.876518,1.248480,1.301620,1
0.779486,1.670850,1.252880,0.647785,0.586688,1
0.190557,0.787390,1.294880,1.728300,-0.619169,1
1.079400,2.734150,0.668189,0.416032,0.213090,1
0.460465,3.217970,1.191330,0.709514,-0.206131,1
0.273805,0.798499,1.154090,2.060060,-1.064010,1
0.562459,1.040210,1.750160,0.703362,-0.329598,1
0.348326,0.601581,2.487910,-0.747559,0.714086,1
0.364972,0.881813,1.194730,1.149420,0.780159,1
0.848667,1.937660,0.812242,1.274500,-0.446113,1
0.379340,0.714084,0.897544,1.606550,1.214230,1
0.165529,0.724119,1.742390,1.007010,0,1
0.974665,1.070420,2.241430,-0.609538,-0.293964,1
0.482674,2.622060,0.749217,0.833692,0.691366,1
0.178941,0.742341,1.647600,1.419150,1.106720,1
0.370526,2.962680,-0.436786,1.227340,-0.389185,1
0.444985,0.809103,2.027400,1.441890,0,1
0.120184,0.714824,0.427136,0.845896,0,1
0.627605,1.023040,2.130180,1.307430,-0.705565,1
0.161813,0.522158,0.970372,2.072930,-0.848569,1
0.421958,1.477510,1.702380,1.154760,-0.504630,1
0.215753,0.376256,0.622146,1.728540,1.369180,1
0.807229,2.168230,0.714413,0.839804,0.579652,1
0.116421,0.477885,0.762074,0,0,1
0.295907,0.730439,2.631950,-0.761194,0.492650,1
0.376344,1.217650,1.496850,0.859103,-0.371524,1
0.348837,0.801034,0.720069,1.195090,1.344100,1
0.691120,0.816602,2.020660,-0.678958,-0.683591,1
0.297328,0.626170,2.667160,0.973967,0.521923,1
0.264370,0.906410,2.213190,-0.608580,-0.371708,1
0.127440,0.522100,0.880637,1.744,0,1
0.145955,0.626888,0.454464,0.293854,0.915059,1
1.014270,0.491500,1.760780,0.846691,-0.239526,1
0.298679,0.848748,1.679420,-0.609179,0.506606,1
0.0996516,0.508362,0.478746,1.837280,0,1
0.171964,0.713750,0.529643,0.352857,0.900357,1
0.430635,0.803497,1.945650,-0.763588,0.523375,1
0.601831,0.504059,2.298320,0.889273,-0.434617,1
0.328439,0.656335,0.838499,2.117460,1.779230,1
0.245332,0.355226,0.743507,1.934110,1.389140,1
0.747885,1.160410,0.797970,0.896108,0.820981,1
0.304035,0.560927,1.215340,0.762285,0,1
0.477073,1.050840,1.546050,1.689390,-0.494019,1
0.221896,0.577201,0.606998,1.784200,-1.143340,1
0.183999,0.701545,0.859144,1.857860,0,1
0.587908,0.441830,2.200650,1.254580,1.269610,1
1.165700,1.381500,1.906550,0.706166,0.374759,1
0.242836,0.917044,-0.659125,2.232650,-1.077680,1
1.046470,2.513620,0.864984,0.811699,-0.214343,1
0.121170,0.575209,0.967270,0.942897,0,1
0.539324,1.665950,1.935370,1.431330,-0.430833,1
0.105744,0.132457,-0.144775,0.470311,0.892318,1
0.136357,0.214024,0.236585,0.45,0.846570,1
0.472797,1.071600,2.299400,1.088100,0.910144,1
0.537942,0.834200,2.370580,-0.719854,0.729730,1
0.555985,1.231030,1.499460,-0.436278,1.254460,1
0.363271,0.439729,1.950980,1.009510,0.718676,1
-0.0642433,0.499407,0.743620,1.579970,-0.991543,1
0.419540,0.629310,2.320880,-0.719029,0.917305,1
0.661125,1.665280,1.078640,-0.371164,-0.158568,1
0.892403,0.599788,1.390420,1.399290,1.392270,1
0.908344,0.895507,1.071890,0.936842,-0.229525,1
0.881368,1.289670,1.726350,1.098250,0.834061,1
1.435210,2.508770,1.087100,-0.211757,-0.111111,1
0.143334,0.545748,0.624205,1.110360,0.548227,1
0.222642,0.367116,0.569811,1.788950,1.503230,1
-0.138693,0.499174,0.677686,1.596540,-1.028850,1
0.299850,0.715142,0.781109,2.231380,-1.148430,1
0.403322,0.356639,1.870590,1.132780,-0.724460,1
0.884994,0.328095,1.847,0.750820,0.386980,1
0.154750,1.232130,0.554358,1.047010,1.079330,1
0.245487,0.726663,1.121710,1.739040,-0.780815,1
-0.425647,-0.740602,1.046370,-0.529657,-0.319549,1
0.563934,2.680130,0.946623,0.763148,0.722492,1
0.205426,0.764535,-0.709625,2.161180,-0.940245,1
0.324332,0.712166,0.740653,1.910390,-0.907715,1
0.197155,1.015010,0.615962,1.156460,0,1
0.234037,0.758035,0.699986,1.060310,0,1
1.026900,0.820301,1.077120,1.064020,0.468795,1
0.257664,0.378102,1.121690,1.364440,-0.783837,1
0.199879,0.684131,0.569655,2.184740,-1.039370,1
0.440876,0.595765,2.270280,0.922912,0.601713,1
-0.104083,0.383331,-0.446426,0.672745,0.844522,1
0.305922,0.593098,1.176820,0.804857,1.004690,1
0.607114,1.627560,2.083090,0.693921,-0.246881,1
1.136680,0.603365,1.704330,0.635989,-0.259615,1
0.359876,0.984143,1.416750,1.034130,-0.363668,1
0.231021,0.540762,0.695632,1.578840,0,1
0.703906,0.988281,1.687500,1.480470,-1.120310,1
0.644834,0.607011,1.681270,0.866697,1.105630,1
0.351675,0.732536,2.174160,1.246890,1.489,1
0.365461,0.526488,2.424740,0.917853,0.957760,1
0.492908,2.222990,1.209240,1.383540,-0.441585,1
1.470590,1.708680,1.005600,0.694678,1.079830,1
0.514966,1.152360,0.963758,1.276240,1.732420,1
0.624131,1.282520,1.272590,0.790467,1.380340,1
0.194838,0.453573,0.768020,0.712937,0.720491,1
0.567435,0.907757,1.464710,-0.616352,-0.491964,1
0.250412,0.849259,0.588962,1.752880,0,1
0.183800,0.555953,0.533507,1.135650,0,1
0.884597,1.789450,1.276500,1.406500,-0.495996,1
0.487241,2.896860,-0.552780,0.567284,0.830782,1
0.690003,0.606433,1.738880,1.304950,0.578997,1
0.465139,1.110970,0.826841,1.238300,-0.550245,1
-0.0905588,0.513809,0.864483,0.766217,0.642903,1
0.180563,0.677957,1.222510,1.744920,-0.507817,1
0.249288,0.468206,1.135720,-1.115790,2.318890,1
0.895193,0.558708,1.321250,1.421070,1.516150,1
0.176561,0.256453,-0.164381,0.891076,1.044200,1
0.194838,0.453573,0.768020,0.712937,0.720491,1
0.247649,0.947312,2.060140,-0.911123,1.519250,1
0.148814,0.660831,0.447239,0.296196,0.957504,1
0.917466,1.680420,0.576775,0.633397,-0.199616,1
0.732980,0.593797,2.010590,-0.693268,0.414145,1
0.288288,0.715315,1.059460,0.848649,0,1
0.643440,1.065970,2.150480,1.370890,-0.557450,1
0.354622,1.988190,1.184590,0.509820,-0.365746,1
1.021040,0.493581,1.730090,0.886775,-0.243929,1
0.214072,0.744012,0.911677,2.220810,-1.086080,1
0.685693,1.069290,1.180960,1.048850,1.840480,1
1.045990,1.131400,2.434990,-0.496888,-0.217842,1
0.493905,2.246670,0.987811,1.176890,-0.410905,1
0.146218,0.553595,0.713980,2.295380,0,1
-0.0437509,0.190497,-0.185775,-0.344400,-0.488343,1
0.200746,0.733655,0.887451,-0.339842,1.240020,1
0.474783,1.015650,1.403480,0.788406,1.901740,1
1.165370,0.902724,1.660990,0.647860,-0.263619,1
0.269492,0.524153,0.711441,-0.714407,0,1
0.530484,0.257133,1.624720,0.905292,-0.513082,1
0.444133,0.698101,2.216,0.741363,0.647059,1
0.431250,0.628125,1.293160,1.116020,2.115630,1
0.275349,0.952947,2.482100,1.212450,0.904309,1
0.383495,2.977750,-0.561084,1.059870,-0.349919,1
0.241779,0.394843,1.444290,1.722030,2.137450,1
0.273555,0.750071,0.942499,0.397381,0.780245,1
0.273649,0.759572,0.936655,-0.403716,0,1
0.139158,0.582081,0.517190,-0.638339,0,1
-0.137228,0.587409,-1.130890,-0.668025,-0.543931,1
0.225730,1.178550,0.639172,0.919552,1.018330,1
0.360357,0.796951,0.593901,1.178880,1.337300,1
0.951001,0.413805,1.981760,-0.633763,0.339771,1
-0.0791311,-0.329325,0.633825,-0.596587,0,1
0.185364,0.746298,1.310360,1.934230,-0.781891,1
0.116406,0.477344,0.743359,0.757812,0,1
0.599334,0.585025,1.524790,0.808652,0.428952,1
0.556066,2.029730,0.840656,-0.263607,-0.256612,1
0.105646,0.157570,0.100954,0.546919,-0.671802,1
0.367432,0.767850,1.072650,1.581630,-0.784551,1
0.161826,0.450800,0.517190,0.789864,0,1
0.124765,0.674670,0.405367,-0.754708,0,1
0.762239,1.808990,0.868579,0.455658,0.298355,1
1.308170,2.351730,1.289380,-0.324582,-0.128580,1
0.116629,0.557478,0.741629,-1.241630,0,1
0.154154,0.643270,0.915593,2.047980,-0.817859,1
0.442810,1.345280,1.674890,0.769103,0.707641,1
0.355755,1.082400,2.255040,-0.574925,-0.644058,1
0.112616,0.470364,0.856478,0.597375,-0.788738,1
0.311581,0.647506,0.363652,1.122740,0.633981,1
0.334289,2.680260,-0.535832,1.171780,-0.369350,1
1.019860,0.605169,1.868510,1.408710,0.755564,1
0.234302,0.726947,1.280230,0.777539,1.449230,1
0.542182,1.044100,1.083080,-0.774606,-1.045380,1
0.140438,0.295203,0.574778,1.349250,1.879750,1
0.470140,1.372850,2.131310,1.264040,-0.615984,1
0.175145,0.548175,-0.749651,-1.083780,1.036700,1
0.211879,0.746232,0.905363,0.392952,1.210330,1
0.0891035,0.509053,0.625700,1.248,-0.478328,1
0.484652,1.093790,2.291950,1.109140,0.992497,1
0.617176,1.621410,1.971580,-0.600242,-0.257938,1
0.762257,1.413650,1.483490,-0.299380,-0.312588,1
1.386750,0.811594,2.462110,-0.563561,-0.243478,1
0.672281,0.601637,0.685848,2.130760,-0.568889,1
-0.632019,-0.881255,-0.966050,-0.868061,-0.485599,1
1.401660,0.892440,1.488010,1.384450,-0.651813,1
0.138037,0.650307,1.205520,1.527610,0,1
1.201490,1.654850,1.099810,0.458022,-0.222948,1
0.682994,-1.081640,1.528160,-0.873051,-0.347276,1
0.226904,0.877634,0.547812,1.897890,1.183950,1
0.567434,0.670842,1.702010,1.233030,1.604140,1
0.277639,1.630090,1.856190,1.154610,-0.378637,1
0.152027,0.582310,0.580774,1.101040,-0.481572,1
0.598837,3.056690,0.932517,0.590324,-0.254776,1
0.0586024,0.335513,0.767062,-0.210298,-0.306906,1
0.787953,2.616640,1.061280,0.653203,0.542131,1
0.358520,1.104970,2.389680,-0.658228,0.947225,1
0.119333,0.614,0.866222,2.237110,-0.765111,1
0.801240,0.592406,2.046880,-0.555211,0.366525,1
0.0974808,0.434283,0.745893,0,0,1
0.103081,0.575829,0.331359,0.820300,0,1
0.248545,0.964368,2.085380,1.071090,0,1
0.301676,0.554505,0.594757,1.212580,-0.873084,1
0.838472,0.258584,1.820250,0.768746,0.428521,1
0.560079,1.075300,0.915020,1.744270,1.669170,1
-0.0982634,0.669843,1.582380,-0.831004,-0.386701,1
0.364728,1.355600,0.965161,0.580971,0.381067,1
1.017410,1.214530,1.091380,0.409051,0.232811,1
0.157174,0.510979,1.161630,-0.406472,0.341588,1
1.364140,0.808057,1.355450,-0.511058,-0.379937,1
0.578555,2.811260,0.757521,0.495243,0.698637,1
0.257948,1.187700,2.134970,-0.666857,-0.424139,1
0.287313,0.531983,0.696695,1.883800,0,1
0.120075,0.507505,0.883208,-0.697936,0,1
0.317759,0.910921,1.095730,1.984620,0,1
0.383692,0.852426,0.760380,1.244620,0,1
1.214290,1.807220,1.980080,-0.398035,-0.160382,1
0.612640,2.803530,0.670249,0.926913,0.559759,1
0.248541,0.380707,0.718847,0.868520,0.707518,1
0.194741,0.586890,0.560213,1.021340,0,1
0.495253,2.469150,-0.707542,-0.277690,-0.147943,1
0.622715,0.612826,1.414440,0.620018,0.507042,1
0.564271,2.680480,0.946747,0.763379,0.722718,1
0.186930,0.473658,0.547872,0.995947,0,1
-0.0788083,0.719366,1.371940,1.244590,0.818837,1
0.257245,0.595871,1.600640,-0.782453,2.307660,1
0.198686,1.064860,0.664204,1.270110,0,1
0.256229,1.233150,2.040130,-0.547338,-0.291634,1
0.602512,0.550577,1.517990,0.913781,0.516972,1
0.322025,0.697286,0.758351,2.289140,2.124740,1
-0.141923,0.500763,-0.530848,-1.139960,0,1
0.437053,1.429540,2.477110,-0.572961,0.387697,1
0.441643,0.519723,1.070760,2.104920,0,1
0.919588,1.932110,2.112970,-0.447691,-0.189482,1
0.271491,0.595762,1.637350,1.055580,0,1
0.399666,1.334450,1.457080,1.882940,0,1
0.135131,0.491254,0.383528,-0.369971,1.116470,1
0.471370,0.782363,0.408113,1.562730,-0.553086,1
0.299045,0.657589,1.638750,0.850800,0.706376,1
0.391866,0.936733,1.285350,1.255650,0.781795,1
0.636015,1.278600,-0.572523,-0.331144,-0.268747,1
1.443490,1.952790,0.699571,0.559371,0,1
0.603065,0.722083,1.570380,-0.392086,0.356741,1
0.155717,0.415608,0.695826,2.056260,-0.688203,1
0.632674,0.802289,2.229970,-0.659209,0,1
-0.105631,-0.362969,-0.400512,1.30,0,1
0.293069,1.105940,0.791584,2.263370,-0.623762,1
0.652769,1.061330,2.320540,1.545550,-0.401280,1
0.780849,1.249860,0.793412,0.383305,0.816025,1
1.030960,0.583724,1.866090,1.532360,-0.671435,1
0.136604,0.714084,1.349810,0.972467,-0.630074,1
0.532719,2.139170,0.628571,0.241475,-0.0995392,0
0.121124,0.310592,0.587863,1.978350,-0.651709,0
0.154687,0.513746,0.489566,-0.624710,0,0
0.310797,1.493440,0.422805,0.303734,-0.113017,0
0.254812,3.145450,-0.506780,1.273620,-0.385171,0
0.556357,3.450860,-0.596934,-0.244815,-0.153291,0
1.196970,1.397330,0.353126,0.184410,0.119278,0
1.371400,1.440770,-0.287468,0.167285,-0.170996,0
0.169654,1.355940,0.820473,0.332554,0,0
2.389200,0.639205,-0.107008,0.129735,-0.0530303,0
1.270570,1.743380,-0.314505,-0.404463,1.493720,0
1.235050,1.996260,-0.359035,0.210258,0.140965,0
2.075200,2.142320,0.539466,0.457427,0.300808,0
0.144081,0.858255,2.302760,-0.717679,-0.535047,0
0.251335,1.067110,0.443065,0.472218,0.444436,0
1.127850,0.804270,-0.156153,0.108899,0,0
2.307110,1.994610,-0.279095,-0.144397,-0.0872845,0
0.189988,0.986940,2.321520,-0.656405,-0.278607,0
1.286890,2.039050,-0.424709,-0.475779,1.221550,0
0.292933,1.057600,2.633920,-0.756184,0,0
0.767229,1.164560,0.338959,-0.0998594,-0.0646976,0
0.0486838,0.308520,0.336824,-0.447212,-0.558732,0
-0.711577,0.482868,0.166500,0.147705,-0.0818363,0
2.146060,0.439281,0.159336,0.128631,-0.138866,0
0.203579,0.567204,2.561750,-0.649448,0.398020,0
2.286460,1.321350,0.695833,-0.170833,0.204167,0
0.196721,2.012850,1.871070,-0.600354,-0.234382,0
0.964659,1.317350,-0.294987,-0.121168,-0.0670754,0
1.214250,1.716380,-0.242567,-0.108070,0.100047,0
0.227151,0.613733,1.646250,-1.218940,-0.420363,0
-0.111702,1.025410,-0.215721,0.612884,-0.195035,0
0.641236,2.998030,-0.526143,-0.203551,-0.144032,0
1.203520,0.778855,0.250220,-0.104846,0.121586,0
1.133880,0.882047,-0.142157,0.0698529,0.0778186,0
0.550237,1.930560,-0.481852,-0.207259,-0.127827,0
0.607705,2.770920,-0.436205,0.248550,-0.267606,0
0.409500,2.083500,1.071500,0.426,-0.289,0
0.287930,1.930550,1.915710,-0.617667,0,0
0.254902,1.077920,2.833850,-0.775026,0,0
0.119496,0.298128,0.627420,1.522180,0.933950,0
2.945640,1.554900,-0.246502,-0.0968784,-0.0662002,0
0.312357,2.136160,-0.334859,-0.183829,-0.108314,0
2.208910,1.314210,0.442897,0.529248,0.744847,0
2.116650,1.646370,0.982392,-0.302274,-0.129127,0
0.529857,2.975720,-0.610271,0.682723,0.670780,0
0.421569,1.875460,1.571010,-0.461314,0.271860,0
0.648428,3.488710,-0.540163,0.344121,0.272643,0
2.321140,0.871982,0.503292,1.212140,-0.374909,0
0.563322,3.543940,-0.707266,0.456055,0.483737,0
0.0719058,0.264862,0.359416,1.006790,0,0
0.307380,2.781830,-0.427210,-0.206407,-0.138281,0
0.249362,1.066340,2.355370,-0.791,0,0
0.140850,1.079480,1.307580,-0.340850,-0.166359,0
0.272654,2.686060,-0.420643,0.465147,1.469710,0
0.363102,0.694009,1.930010,0.798152,-0.367021,0
1.404390,1.809650,-0.342105,-0.125439,-0.0850877,0
2.557830,0.560843,0.572892,0.475301,0.340964,0
1.956390,1.435860,-0.278577,0.231372,-0.102244,0
0.206950,1.141480,1.935460,-0.548247,-0.228669,0
1.952420,0.498665,0.188152,0.151250,-0.148823,0
0.334496,1.312350,0.989885,0.464074,-0.201081,0
3.541740,0.561937,0.413483,-0.0961304,-0.0551229,0
1.396420,2.190080,-0.475198,0.616507,0.980409,0
1.231980,1.073200,-0.212838,-0.079955,-0.0563063,0
1.039680,2.638080,-0.602397,0.912916,-0.245539,0
2.158,0.882466,-0.128131,0.111753,0.109827,0
0.362803,2.736740,-0.383104,-0.185331,0.168959,0
1.291940,1.043550,-0.363710,0.133871,0,0
0.494882,2.202490,-0.380062,-0.155763,-0.0881175,0
0.293943,0.452606,1.747800,0.946390,1.138360,0
1.619840,2.639570,-0.457262,0.609085,-0.212791,0
0.214785,0.587505,0.602057,0.679860,0,0
2.441260,1.090160,-0.265710,0.204235,0.182377,0
2.060630,1.921660,-0.292916,0.173706,0.113760,0
0.190922,0.519013,0.723671,2.155680,-0.757914,0
0.706400,2.348210,1.569,-0.377569,-0.172637,0
0.141523,0.572557,1.503590,1.693250,0,0
0.412437,2.619570,0.730224,0.556013,0,0
3.058620,-0.313603,-0.103586,0.0779738,-0.0506545,0
0.245838,0.559427,1.911340,1.542390,-0.596593,0
1.643670,1.654390,0.502344,1.394510,-0.389149,0
2.457490,0.732114,0.171960,0.0917549,-0.0458774,0
-0.363190,1.816560,1.007360,-0.357669,-0.278528,0
0.267254,1.687220,2.051400,-0.629956,0,0
0.865404,1.165300,1.290170,-0.395087,-0.219550,0
0.241546,1.660870,1.102420,0.40,-0.164251,0
1.057140,0.866307,-0.131536,0.0733154,0.0762803,0
0.281395,1.699040,0.663109,0.266453,-0.115261,0
0.835565,2.097700,0.519038,0.289958,-0.207113,0
0.390742,1.762070,1.659530,-0.448233,0,0
0.371737,1.828980,1.162920,-0.440144,0,0
0.609176,1.764660,1.197540,0.904843,1.245110,0
0.278824,0.592005,0.729765,1.235550,0,0
0.697340,1.505020,1.004360,-0.428696,1.617970,0
0.123067,0.725568,0.707470,1.575190,0,0
0.256468,0.594437,0.876779,2.068890,-0.706339,0
0.331103,0.589852,2.548680,0.833676,0.376287,0
0.435115,2.407850,1.476550,0.701200,0,0
0.219331,1.278810,2.584570,-0.598513,0.461896,0
0.153701,0.343162,0.452321,-0.590339,1.741840,0
0.253389,2.692380,-0.521272,0.274194,0.166433,0
0.472451,0.956099,1.582940,-0.355775,-0.172952,0
1.250530,0.944170,-0.179505,0.0932862,0,0
1.700380,0.823394,-0.408882,1.830480,-0.440992,0
0.0645985,0.279395,0.432274,1.497380,-0.622814,0
0.330594,1.719970,0.600190,0.300095,-0.119469,0
0.343394,1.649680,2.263240,-0.611578,0,0
0.729782,1.372910,-0.254493,-0.109435,-0.0577664,0
2.132650,1.473470,-0.193878,-0.0734694,0.0897959,0
-0.0580601,4.377730,-0.480191,-0.253415,-0.162568,0
1.125,1.965910,-0.353896,-0.129870,0.134740,0
0.220427,1.327250,1.276710,-0.376238,-0.235539,0
0.597646,2.389330,0.796683,0.304976,0.189941,0
0.217507,1.071620,1.942640,-0.603448,-0.226459,0
0.237746,1.965260,0.718255,0.374759,0,0
0.420610,2.317560,1.101470,0.546267,-0.252366,0
2.782610,0.299189,-0.0980103,0.0854827,-0.0611643,0
2.080030,0.707011,-0.111111,-0.0674603,0.0628307,0
0.351936,1.147130,1.629910,0.647263,-0.518024,0
0.249165,1.147050,3.108430,-0.843669,0,0
0.327695,0.900918,2.619620,1.193810,-0.555341,0
1.079,2.048400,-0.438943,1.475100,-0.454798,0
0.293846,1.19,2.566150,-0.72,-0.33,0
1.158110,0.988261,-0.194057,0.0939105,0.0608951,0
2.283400,-0.199527,0.0923233,0.0706797,-0.0666216,0
1.582830,2.372230,-0.478203,-0.208585,-0.109323,0
0.815961,2.059720,-0.449511,-0.190554,-0.112921,0
1.404620,2.723700,-0.447391,0.423439,0.299401,0
0.280891,0.576300,0.628292,-0.345712,0.989872,0
0.364356,1.875740,2.618810,-0.613366,-0.267327,0
0.514780,2.983780,-0.793439,0.352199,-0.201514,0
0.221379,1.264930,1.291320,0.504124,-0.196635,0
2.062980,0.733564,0.316955,0.487889,-0.447059,0
0.502009,2.169460,0.844954,-0.253132,-0.157882,0
-0.128990,1.093810,2.568730,-0.843648,-0.415635,0
0.337479,1.179500,1.616470,0.740840,-0.396303,0
2.177370,1.375130,-0.207951,-0.0825688,0.0866463,0
0.514484,2.276360,-0.549247,-0.189455,0.132097,0
0.121179,0.671397,0.951419,2.188320,0,0
0.608386,2.829350,-0.436897,0.246960,-0.213417,0
0.476102,2.248910,1.429550,0.690875,-0.216636,0
0.256401,2.110950,1.173190,-0.532006,-0.243599,0
0.302138,3.331070,-0.663712,0.320386,-0.172315,0
2.533030,0.267138,0.133361,0.159950,-0.0643955,0
0.232509,0.860306,2.489990,-0.709776,0.546761,0
0.223396,1.085570,2.657730,-0.943948,0,0
1.712030,2.499390,-0.445930,-0.161604,-0.0996355,0
0.500377,2.247170,-0.467973,-0.176338,-0.0987189,0
0.515595,1.952270,1.203690,-0.345463,-0.175803,0
1.000370,1.795400,0.350384,0.242236,-0.164414,0
0.393754,0.968413,2.311200,1.117730,0.580402,0
0.218158,0.815835,1.317130,2.113170,-0.654905,0
0.717248,0.720283,2.503790,-0.794133,0.426909,0
0.460849,0.585328,1.306100,1.772820,-0.504556,0
-0.0820202,0.578586,1.384650,1.847680,-0.911919,0
2.030500,0.635624,-0.0976007,0.0784872,0.0557137,0
1.453400,0.562232,0.181177,0.148375,-0.0723483,0
0.485605,3.553100,-0.570377,-0.260397,-0.159309,0
1.858450,0.758225,0.134660,0.139250,-0.176741,0
0.597236,1.623890,1.499510,-0.472853,-0.197433,0
0.763355,3.172240,-0.440839,-0.194458,-0.135297,0
0.367246,2.258680,-0.318859,-0.147643,-0.0806452,0
0.107774,0.354535,0.418433,0.591578,2.053,0
1.723800,2.822950,-0.383853,-0.127479,-0.0750708,0
1.293350,1.097390,-0.780285,-0.596200,-0.314727,0
1.214070,2.722930,0.920644,0.318244,-0.138260,0
0.268495,2.019140,1.211590,0.628557,0,0
0.362712,0.400424,0.848305,1.914410,-0.622881,0
3.087050,0.570312,1.064360,-0.254092,-0.093750,0
-0.158115,1.356020,2.289010,-0.744503,0,0
0.545082,3.466760,-0.482696,-0.222222,-0.150729,0
0.145056,0.331853,0.467140,-0.794257,0,0
0.353138,2.236320,-0.548732,0.309079,-0.278705,0
0.540466,2.786860,-0.666574,-0.241685,-0.156596,0
0.156781,0.557096,0.705731,2.038160,-0.625125,0
0.184812,0.483652,0.789289,1.837570,0,0
0.782456,2.546490,1.535530,-0.430263,0,0
1.061730,2.243490,-0.393647,-0.199443,-0.174718,0
0.0553769,0.259125,0.319815,-0.469165,0,0
-0.113876,1.272090,2.176710,-0.644338,-0.359809,0
0.224655,2.496710,-0.566844,0.277790,0.174920,0
0.147326,0.501553,0.830247,0.360092,-0.184014,0
0.898128,2.733440,-0.381389,-0.160547,-0.105652,0
0.380893,2.045290,-0.305831,-0.163151,-0.0911911,0
0.677310,1.412650,0.316242,0.194351,-0.141234,0
0.105787,0.607965,0.827007,2.547600,-1.099560,0
0.587489,2.481410,1.732550,-0.489574,-0.214869,0
0.295187,1.277010,2.280210,-0.574332,0,0
0.529192,3.295660,-0.577300,0.886502,-0.271836,0
3.771950,0.876771,-0.150142,0.110482,0.198300,0
0.368493,0.889418,2.206190,1.105480,0.431780,0
-0.125116,1.457830,1.658940,0.643188,0,0
1.115820,1.999140,-0.414866,-0.192740,-0.224719,0
3.458880,0.694930,-0.121432,-0.0813805,0.0553899,0
0.642263,2.805320,1.183030,0.639767,-0.219634,0
0.492938,2.277830,0.537126,1.630820,-0.414798,0
1.161620,0.769147,-0.121286,0.0943036,-0.0512401,0
3.413730,-0.243002,0.186882,-0.081465,0.0821613,0
0.667423,3.055350,-0.507260,-0.226407,-0.127949,0
0.814327,2.492690,0.815789,0.301170,-0.159357,0
-0.120450,1.158840,1.365980,0.598279,-0.284580,0
0.0877812,0.270622,0.340097,0.454566,0,0
1.127760,1.330450,-0.291066,-0.114313,0,0
0.530099,1.900400,2.118930,-0.474279,-0.298066,0
0.265823,2.583970,0.739241,0.408439,-0.143460,0
0.738653,1.869800,-0.320115,-0.148113,-0.083612,0
-0.259764,-0.824705,-1.641240,-1.494100,0,0
1.290190,2.790190,-0.442872,-0.265925,-0.170374,0
1.431770,2.758660,-0.476578,-0.179226,-0.121181,0
0.278825,2.744610,-0.406250,0.231142,0.161099,0
0.375470,2.555300,-0.469526,0.259594,0,0
0.687721,2.616840,1.224720,0.482802,0.479675,0
0.267531,1.332940,2.889810,-0.748379,0,0
1.040610,1.630890,0.505076,0.339739,-0.262509,0
0.934149,3.018120,-0.483721,0.233048,0.581151,0
0.577109,2.803990,-0.434944,1.197250,-0.349217,0
3.172410,0.773946,-0.206897,-0.091954,-0.0561941,0
0.669668,1.847630,-0.282701,-0.135308,-0.0748815,0
2.064240,1.894970,0.839410,-0.228733,0.164497,0
1.052630,2.205190,-0.379100,-0.183066,-0.118230,0
-0.0894942,-0.226978,-0.488327,1.332040,1.273350,0
0.635344,3.054060,0.796065,0.309857,0.201177,0
1.109350,2.795560,-0.443423,-0.198732,0.277655,0
1.086390,1.045980,0.253986,0.202076,-0.088617,0
0.471374,1.278800,2.075810,-0.578864,-0.377914,0
2.424140,-0.251235,0.513056,1.239240,-0.319689,0
0.278253,0.632162,1.102880,1.443180,-0.624248,0
1.973370,1.482670,-0.319104,0.222316,-0.101014,0
0.229001,2.374890,1.124670,-0.488064,-0.222812,0
0.411909,1.999390,-0.332106,-0.173726,-0.0865562,0
0.912803,2.727680,-0.394118,0.492042,0.685813,0
0.870178,2.785610,0.873887,-0.275964,-0.154303,0
0.206699,0.798590,1.264430,2.152050,-0.640811,0
0.281592,1.738760,0.825095,0.328786,0.160814,0
0.125207,0.844628,1.767360,-0.737190,0,0
-0.801146,0.884206,-0.289280,0.341244,-0.451718,0
0.415944,0.398596,0.933086,1.107810,0.775299,0
1.644850,0.570393,2.273670,-0.580496,-0.220734,0
0.0776173,0.337545,0.465343,-0.537906,-1.025990,0
1.584970,1.359540,-0.206936,0.116763,0.131792,0
0.289749,1.223600,2.773690,-0.656480,-0.307544,0
2.330520,0.651685,-0.106742,0.128277,-0.0514981,0
2.685670,-0.320060,-0.112821,-0.0808446,0.0823529,0
1.856760,1.076920,1.079580,-0.289125,0.193634,0
1.199540,0.979199,-0.231895,0.129430,0.100924,0
2.392840,0.335533,-0.0941299,-0.0531435,0.0434179,0
3.051920,0.358654,1.173080,-0.221474,-0.102244,0
0.203737,1.772190,0.672296,0.335968,0,0
0.625965,2.139390,1.102240,-0.319603,-0.166973,0
2.559790,1.438910,0.355527,0.391080,0.323853,0
0.403157,3.057680,-0.593807,0.406800,-0.189435,0
0.233823,1.108080,1.884350,-0.551859,0,0
3.359510,0.643372,0.342219,0.697406,-0.177954,0
0.181366,1.316500,0.821479,0.676387,0,0
0.934957,2.333850,-0.450986,0.253391,-0.130703,0
0.408809,3.186720,-0.635236,0.427419,-0.186725,0
0.807143,0.826190,1,-0.273810,0,0
0.0764743,0.253594,0.228589,0.382788,-0.375495,0
1.564840,0.867033,1.298900,1.040660,0.559341,0
1.508820,1.556920,0.482095,0.282737,-0.168894,0
0.259041,0.380503,0.920204,2.361640,-0.832940,0
0.389445,2.242950,-0.386715,0.280255,-0.113740,0
0.864052,2.730070,-0.456209,-0.198693,-0.122222,0
0.982311,2.135870,-0.403086,-0.151298,-0.105006,0
0.136766,0.894241,2.210960,-0.765227,0,0
0.291552,2.186810,2.055290,0.686126,0,0
2.702760,-0.236406,0.189401,0.119355,-0.142857,0
0.413198,1.596990,2.577950,-0.549601,-0.303809,0
0.625280,2.310400,-0.522812,-0.207180,-0.100972,0
2.876640,0.520341,-0.128609,0.129921,-0.0570866,0
1.813620,1.239960,-0.234375,0.129464,0.0926339,0
0.336260,1.169760,1.624720,0.782764,-0.389593,0
0.762085,3.019430,-0.482464,-0.194313,0.187204,0
0.627983,2.800660,0.760412,0.493215,0.980814,0
3.257710,0.541300,0.207048,-0.170154,0.648128,0
0.622609,2.431880,-0.494783,-0.202609,0.186377,0
3.097410,0.574803,0.227672,0.274916,-0.0773903,0
2.240610,0.779863,0.341297,-0.0921502,-0.052901,0
1.101240,2.677690,-0.467631,0.320248,0.365014,0
1.392140,1.632170,-0.259352,-0.102244,0.090399,0
0.0676127,0.271506,0.469595,1.285870,0,0
0.435683,3.270240,-0.512654,0.338423,0.678101,0
0.674692,3.076200,0.901512,0.357939,0.216673,0
-0.103273,0.928894,1.761850,0.943002,-0.423815,0
3.228540,0.694444,0.270202,-0.258207,0.606692,0
0.895849,1.979250,0.585660,-0.278868,1.408300,0
0.0900593,0.313953,0.445052,1.543550,0,0
0.257767,1.825360,0.994962,0.809404,-0.344249,0
0.984801,2.180310,0.613817,1.547840,-0.433506,0
0.203997,1.574090,1.157130,0.619573,0,0
0.778239,1.038210,0.903654,-0.317276,-0.163621,0
0.519805,2.213280,1.208410,0.417428,-0.195003,0
0.227426,1.269680,1.582330,-0.591019,-0.314824,0
0.692067,2.443630,-0.529228,-0.199374,0,0
0.279010,1.213310,2.768770,-0.857509,-0.372014,0
1.466080,1.697340,0.484757,0.283713,-0.180170,0
0.728556,2.054790,-0.435529,-0.182623,0.164638,0
0.719028,3.562960,-0.712753,0.339069,-0.140688,0
1.083990,1.696700,-0.298198,0.184971,-0.102346,0
3.064860,-0.264373,-0.112039,-0.0668305,-0.0501229,0
1.003750,2.023570,0.605785,1.204610,-0.396893,0
0.121910,0.592135,1.288200,2.546070,-0.848876,0
0.763007,1.928530,0.465838,0.254717,-0.234420,0
0.870066,1.800990,0.956414,-0.250822,-0.156250,0
0.202953,1.184750,1.777130,-0.599931,0,0
1.097340,2.087430,-0.549347,0.199639,0.245155,0
0.130612,0.616618,0.545481,0.896501,0,0
1.888920,1.009050,0.479430,0.365606,-0.179100,0
3.358630,-0.241034,0.194607,-0.0853489,0.0853489,0
1.341220,1.173570,-0.283037,-0.0976331,0.0769231,0
0.834300,2.729850,-0.450032,-0.190200,-0.123146,0
0.233406,1.784340,1.568440,0.656212,-0.306589,0
0.328474,1.106580,1.964370,0.775510,-0.246518,0
3.132080,0.556604,-0.134434,0.180425,-0.0660377,0
1.040890,1.968010,-0.320664,0.196295,-0.411595,0
0.0705219,0.312177,0.521392,0.438646,0.422191,0
0.982955,1.108360,0.326705,-0.0815747,0.062500,0
3.014530,0.337013,-0.117374,-0.0778617,-0.0522952,0
0.181509,1.093810,0.857920,1.275320,-0.484704,0
1.301640,2.389260,-0.356078,-0.159210,0.224832,0
0.278570,0.670331,1.702460,1.476560,-0.446968,0
0.123941,0.345965,0.597860,2.196170,-0.644672,0
0.399661,0.945167,2.201810,-0.556812,-0.306388,0
0.111058,0.558140,1.359280,2.035120,-0.661604,0
0.691352,2.602770,-0.489805,-0.350832,1.169670,0
0.148372,0.495175,1.125450,0.907117,0.820265,0
1.722290,0.517166,2.304650,-0.586050,-0.218166,0
3.066880,-0.270324,0.438126,0.210052,-0.0822988,0
1.989410,2.519730,-0.358999,-0.136670,-0.0895091,0
0.258701,1.388630,1.395590,-0.523202,0,0
0.251685,1.132580,2.402250,-0.700562,0,0
0.437267,0.560943,1.313890,1.811130,-0.512457,0
0.214860,0.548960,1.036770,1.731520,0,0
0.257099,1.155420,2.325500,-0.601221,0,0
1.402090,1.425940,0.471670,-0.144632,-0.0884692,0
0.306720,2.908180,-0.478709,-0.189621,0.204591,0
-0.120578,1.063540,2.830320,-0.797834,0,0
0.362200,2.847950,-0.601410,0.482934,0.694217,0
0.268759,1.496590,2.216920,-0.727149,0.566166,0
0.679167,2.482500,-0.57,-0.218333,-0.115,0
1.470700,1.344310,0.443713,0.155365,-0.226465,0
0.226887,0.986677,2.503430,-0.842148,0.616472,0
2.451950,-0.211493,0.221620,0.165803,-0.0614696,0
1.051710,2.559410,-0.348735,-0.146865,0.172717,0
0.606112,2.023770,2.366720,-0.614601,-0.321732,0
1.046880,2.588760,-0.447473,-0.276596,0.941822,0
2.319620,1.249100,0.329089,0.161280,-0.0754163,0
3.660120,0.423024,0.357241,0.361809,-0.110096,0
0.266189,1.268120,2.178010,-0.808763,0,0
0.295072,1.883340,1.139110,0.840299,-0.434186,0
0.349018,1.248190,2.224920,-0.700103,0.489659,0
0.891908,1.533530,0.286705,0.118497,0.0693642,0
0.55,2.399240,1.564390,-0.498485,0,0
0.869490,1.713840,0.503099,0.307507,-0.296315,0
1.565050,2.359120,-0.362587,-0.156274,0.145497,0
0.486074,2.344830,1.507960,0.673740,0,0
0.164573,0.495729,0.466834,0.780653,0,0
2.704900,0.539405,-0.142732,-0.084063,0.138354,0
0.0735118,0.333200,0.420695,-0.872153,2.376950,0
0.624229,2.416150,0.754907,0.399327,-0.296691,0
0.475574,2.539810,-0.447240,-0.222032,0,0
0.399959,0.993831,2.372820,-0.643224,-0.369114,0
2.203070,1.252280,0.461244,0.437518,-0.234453,0
0.677083,1.848010,-0.429451,0.329072,-0.356534,0
-0.224615,2.157950,-0.462564,-0.259487,0,0
0.715620,1.750420,0.852292,-0.225806,0.131579,0
0.138861,1.504500,1.461540,-0.766234,0,0
1.413050,2.811370,0.737263,-0.216421,-0.130947,0
0.316143,2.050220,1.631840,0.688341,-0.285202,0
0.147322,0.789290,0.395847,0.672350,-0.933770,0
0.143690,0.887593,1.536590,1.645810,-0.601273,0
0.431545,1.070800,2.326870,-0.591716,-0.312793,0
0.203113,1.204600,2.008900,-0.546331,0,0
0.345352,1.367520,2.688060,-0.692028,-0.304003,0
0.259151,0.688141,0.770132,-1.048320,0,0
0.650327,1.802830,-0.366013,-0.147785,0,0
2.833470,0.581862,-0.131220,0.177769,0.105136,0
1.036370,1.782900,0.375328,0.248594,-0.149606,0
1.425270,1.818790,-0.247732,-0.135421,0.125270,0
0.140557,0.280859,0.456938,1.051620,1.665990,0
1.094250,2.252960,-0.440879,0.329864,0.929459,0
0.404649,1.153460,2.332810,-0.772319,0,0
0.828590,1.838080,-0.381404,0.240354,-0.269450,0
0.309206,1.464370,1.893470,-0.551225,0,0
2.082330,1.933730,-0.321285,-0.100402,0,0
1.338050,1.555330,0.496210,0.516928,1.038400,0
0.176483,0.437900,0.842083,2.420190,-0.848698,0
0.379417,0.911321,2.528300,-0.583533,0.517667,0
0.619675,1.855480,-0.296907,0.240619,0.261156,0
0.281640,1.080100,2.743990,-0.726049,0,0
0.347541,1.223610,1.642950,0.829508,-0.405902,0
0.140011,0.351488,0.562699,0.552338,1.222100,0
0.173243,0.962420,0.787674,1.051480,-0.379557,0
2.089020,0.672956,0.148041,0.194485,-0.137881,0
2.756030,0.265899,0.158443,0.193531,-0.0630482,0
0.882954,1.942500,-0.442790,1.608870,-0.482779,0
