-0.33588879,-0.45250093,-0.59163147,0.81725413,-0.37786573,1.0348956,1.0
4.5929854,1.9185499,-0.45638679,2.2645231,1.9188402,0.70276103,1.0
0.66025228,-0.37729969,-0.41130523,1.7084005,3.5208547,1.4005483,1.0
-0.32183001,-0.45250093,-0.27606055,1.3252751,13.750423,1.0135658,1.0
-0.52034682,-0.45250093,-0.27606055,3.0016598,13.750423,0.70276103,1.0
3.0390663,1.1311487,-0.54654991,2.2421601,9.6565874,0.67838418,1.0
0.42294678,-0.10745995,-0.27606055,0.88603105,2.4836412,1.0592724,1.0
3.7472564,-0.44365372,-0.54654991,-0.85955255,-0.37786573,-0.94572324,1.0
-0.042178776,-0.37287609,-0.14081588,1.3725328,1.6613312,1.6747878,1.0
4.7826943,-0.049953122,-0.45638679,1.1965821,2.6293357,0.90082291,1.0
0.085705344,-0.43480652,-0.36622367,1.0185216,-0.37786573,1.5041499,1.0
1.2678289,0.7905313,-0.18589744,2.0324537,-0.37786573,0.90387002,1.0
-0.34317226,-0.44807732,0.49032595,0.96409075,0.50924124,1.1872509,1.0
-0.13483124,-0.32864006,-0.32114211,1.6792863,7.7221917,1.2908525,1.0
0.12720416,-0.29325125,-0.45638679,1.5489056,4.6900987,1.5833746,1.0
0.73088496,-0.37729969,-0.45638679,1.3999592,4.0076226,1.4279722,1.0
0.29099747,-0.23574442,-0.50146835,1.4750653,6.3472961,1.5407151,1.0
-0.31082012,-0.37729969,-0.41130523,1.4265417,-0.37786573,1.1080261,1.0
-0.0016962528,-0.34191087,-0.41130523,1.575488,4.2351366,1.2573343,1.0
0.18614943,-0.35960528,-0.27606055,1.8750685,2.1617303,1.1659211,1.0
0.73359509,-0.35960528,-0.32114211,1.840891,1.928619,1.3426533,1.0
-0.017279483,-0.44365372,-0.32114211,1.7037591,3.1986145,1.3487475,1.0
0.99308976,-0.30652205,-0.50146835,0.85058773,2.4394883,1.190298,1.0
0.022694891,-0.43038291,-0.36622367,1.5029136,3.4600087,1.5163383,1.0
0.42701197,-0.15611958,-0.45638679,1.5535469,4.0606653,1.5041499,1.0
0.72681977,-0.33306367,-0.41130523,1.9143093,4.523299,1.4614904,1.0
-0.082491915,-0.36402888,-0.050652758,0.63624002,1.1123673,1.3822656,1.0
-0.061657814,-0.4038413,-0.36622367,1.5408886,3.068362,1.1963922,1.0
0.37467264,-0.27555684,-0.095734317,1.9332968,1.5485291,1.4005483,1.0
0.046577885,-0.35075807,-0.095734317,1.0586063,1.9589432,1.2542872,1.0
0.10891081,-0.36402888,0.89605999,0.2674607,-0.08120857,1.0288014,1.0
0.56065511,-0.04552952,-0.50146835,1.5505933,5.2200647,1.565092,1.0
-0.028458757,-0.41268851,0.08459192,0.80417385,2.1916265,1.1933451,1.0
6.2441303,0.60031641,-0.54654991,9.591164,-0.37786573,1.2725698,1.0
1.1285961,0.35701828,-0.54654991,1.60629,8.5145725,1.1720153,1.0
3.5318013,1.0869127,-0.59163147,2.1303448,14.444917,0.29444885,1.0
2.9658929,0.46318474,-0.230979,4.9421817,1.4848844,1.4645375,1.0
-0.45377932,-0.44807732,1.9780174,1.1244296,0.035347073,1.1933451,1.0
-0.78441482,-0.47019533,-0.59163147,-0.85955255,-0.37786573,-0.94572324,1.0
0.3502815,-0.38614689,-0.27606055,4.0645375,2.3020251,1.1689682,1.0
0.22442997,-0.2092028,-0.50146835,1.9417357,5.8419582,1.5742333,1.0
-0.48257442,-0.44365372,0.76081531,1.1691557,1.858521,1.1202145,1.0
0.26203299,-0.16496678,0.08459192,1.2050209,0.65855758,1.3335119,1.0
0.4644456,-0.18708479,-0.32114211,2.2645231,2.3665258,1.3121822,1.0
0.47613302,0.22431022,-0.36622367,1.3429967,-0.37786573,1.5315738,1.0
0.3780603,-0.26670963,-0.41130523,0.82062968,5.1251739,1.1354501,1.0
0.32131701,-0.27998044,-0.41130523,1.424432,-0.37786573,1.5986102,1.0
-0.032354565,-0.28882764,-0.27606055,1.4564998,3.2450722,1.0105187,1.0
0.13160812,-0.21805001,-0.50146835,1.5788636,7.750705,1.6199399,1.0
-0.096889465,-0.43480652,-0.095734317,0.95185436,1.9589432,1.421878,1.0
0.46004164,-0.35518168,-0.45638679,1.3889887,3.6135065,1.4462549,1.0
0.60215393,-0.16496678,-0.18589744,1.9332968,1.5485291,1.2603814,1.0
0.12313897,-0.26670963,-0.41130523,-0.85955255,-0.37786573,-0.94572324,1.0
1.6076111,-0.27555684,-0.50146835,2.0295001,6.5452431,1.3731243,1.0
1.4170553,0.069484139,-0.54654991,1.9881496,10.939259,1.190298,1.0
0.41938974,-0.18266119,-0.32114211,0.67716862,1.7773271,1.1293559,1.0
6.1960255,1.5823561,-0.59163147,9.591164,23.617122,1.3700772,1.0
3.389689,1.0205586,-0.54654991,-0.85955255,-0.37786573,-0.94572324,1.0
1.8069748,1.0426766,-0.54654991,3.0016598,13.750423,0.69057261,1.0
1.4033352,-0.12957796,0.08459192,-0.85955255,-0.37786573,-0.94572324,1.0
1.999055,0.05178973,-0.41130523,2.0729604,-0.37786573,1.047084,1.0
0.39872502,-0.18708479,-0.36622367,1.0771718,1.4236433,1.391407,1.0
0.043020843,-0.43480652,-0.36622367,1.8155744,3.7314121,1.220769,1.0
1.2837509,-0.21805001,-0.41130523,1.4940528,2.5565707,0.8429279,1.0
0.50543627,-0.3949941,-0.0055711987,1.2181012,1.0804627,1.6016573,1.0
0.35790373,-0.25786243,-0.41130523,0.9303352,3.2199831,1.4736788,1.0
0.87265849,-0.16939038,-0.50146835,2.0556607,6.5452431,1.4066425,1.0
0.48951427,-0.28440404,-0.095734317,2.878874,1.0257737,1.2542872,1.0
0.30878268,-0.31979286,-0.50146835,1.6307628,6.1726931,1.5468094,1.0
0.53558643,-0.12957796,-0.45638679,1.4564998,3.2450722,1.2725698,1.0
0.15837063,-0.28440404,-0.36622367,1.5219011,-0.37786573,1.3274177,1.0
-0.092654892,-0.3994177,-0.0055711987,1.1029104,0.87276973,1.2085806,1.0
-0.22494297,-0.42595931,-0.27606055,1.5535469,4.0606653,1.104979,1.0
0.81354384,-0.34633447,-0.095734317,4.0037775,1.6538242,0.93738818,1.0
0.80338086,-0.33748727,-0.050652758,2.1197962,0.64048158,1.5803275,1.0
-0.78441482,-0.47019533,-0.59163147,-0.85955255,-0.37786573,-0.94572324,1.0
0.33063308,-0.34633447,0.12967348,1.2181012,1.0804627,1.4401607,1.0
4.1664791,0.65782324,-0.36622367,4.9421817,1.4848844,1.391407,1.0
1.0035915,0.91439217,0.35508128,-0.85955255,-0.37786573,-0.94572324,1.0
-0.035064692,-0.14727237,-0.41130523,1.8889927,5.253023,1.3487475,1.0
0.20884674,-0.30209845,-0.32114211,1.2797051,1.3428446,1.8850381,1.0
0.91415731,0.21988661,-0.50146835,1.5898342,8.1455126,1.3731243,1.0
0.49713651,-0.32421646,-0.45638679,1.0370871,-0.37786573,1.0440369,1.0
0.7156405,0.28181705,-0.41130523,1.3130387,3.2450722,1.1720153,1.0
1.3919866,0.15795618,-0.54654991,2.1096695,7.3765746,1.2938996,1.0
-0.054204964,-0.41268851,-0.32114211,1.7767555,4.2067221,1.3396062,1.0
-0.0032206993,-0.38172329,-0.230979,1.5240108,1.2885507,1.3883599,1.0
0.40922676,-0.36845248,-0.45638679,1.5535469,4.0606653,1.565092,1.0
0.47867377,0.082754945,-0.230979,0.81725413,2.1916265,1.0592724,1.0
0.087229791,-0.43923012,0.039510361,1.3915203,1.6613312,1.3426533,1.0
0.4554683,-0.11630716,-0.45638679,1.5535469,4.0606653,1.4675846,1.0
0.25864533,-0.15611958,-0.50146835,1.9096679,-0.37786573,1.6351754,1.0
-0.03726667,-0.43038291,0.35508128,1.2181012,1.0804627,1.6595523,1.0
1.7614108,-0.21805001,-0.54654991,1.788148,8.2156435,1.2055335,1.0
0.21579144,-0.17823759,-0.41130523,1.4910992,-0.37786573,1.507197,1.0
0.04861048,-0.35518168,-0.32114211,1.8358277,-0.37786573,1.3274177,1.0
0.49493453,-0.37287609,-0.45638679,1.7767555,4.2067221,1.4066425,1.0
0.12347774,-0.32421646,-0.36622367,0.7303336,3.6115969,1.220769,1.0
1.297979,-0.16054318,-0.54654991,1.3252751,13.750423,0.90996423,1.0
5.0267751,-0.098612747,-0.45638679,4.7472434,1.6538242,0.90996423,1.0
0.72427903,-0.23574442,-0.50146835,1.0818132,5.3196638,1.2908525,1.0
-0.11806233,-0.4082649,0.44524439,2.1197962,0.68888181,1.3853127,1.0
0.2122344,-0.37729969,-0.41130523,0.94130575,3.1237424,1.5407151,1.0
0.31064589,-0.2092028,-0.50146835,1.7109322,7.1186047,1.4767259,1.0
0.7673023,-0.30209845,-0.41130523,1.0353993,2.2274163,1.2299103,1.0
0.93516079,-0.29767485,-0.27606055,1.5721125,-0.37786573,1.0105187,1.0
1.7732676,-0.31536926,-0.50146835,-0.85955255,-0.37786573,-0.94572324,1.0
9.2051135,1.4584952,-0.54654991,6.3037959,5.0477994,0.15732908,1.0
0.20274896,-0.33306367,-0.230979,1.2235865,2.0105701,1.2085806,1.0
0.19343289,-0.4038413,-0.41130523,1.5505933,4.2067221,1.3975012,1.0
0.047932949,-0.37729969,-0.230979,2.2645231,2.3665258,1.3121822,1.0
-0.23036322,-0.3949941,-0.36622367,1.6425772,6.6687789,1.104979,1.0
-0.029305672,-0.35518168,-0.36622367,-0.85955255,-0.37786573,-0.94572324,1.0
1.1465507,-0.2047792,-0.45638679,1.9143093,4.2067221,1.2116277,1.0
0.48714291,-0.35518168,-0.50146835,2.1303448,14.320163,1.3243706,1.0
0.12280021,-0.37287609,0.08459192,1.0218971,0.92116996,1.3548417,1.0
-0.084185745,-0.4082649,-0.18589744,1.1932065,3.6996392,1.2329575,1.0
0.30725823,-0.29767485,-0.36622367,1.2991145,1.3428446,1.8515199,1.0
1.7014492,1.2063499,-0.27606055,-0.85955255,-0.37786573,-0.94572324,1.0
0.23882752,-0.14284877,-0.41130523,2.0695848,5.8929596,1.421878,1.0
0.004570916,-0.31536926,-0.230979,0.96662241,-0.37786573,1.8880852,1.0
0.02150921,-0.26670963,-0.45638679,1.4054445,4.6050526,1.6107986,1.0
0.092650045,-0.29325125,-0.27606055,0.9303352,3.5611553,1.2908525,1.0
0.13787529,-0.31979286,-0.45638679,1.5944755,6.6687789,1.3975012,1.0
-0.23087137,-0.3994177,-0.36622367,2.3273928,6.2721276,1.2329575,1.0
0.71970569,-0.35960528,-0.27606055,1.3725328,1.4924902,1.4523491,1.0
0.60317023,-0.29325125,-0.45638679,1.4965845,4.6058099,1.4249251,1.0
1.8916663,-0.23132081,-0.36622367,-0.85955255,-0.37786573,-0.94572324,1.0
-0.028797523,-0.15611958,-0.36622367,1.4564998,3.2450722,1.3609359,1.0
0.15413605,-0.36845248,-0.41130523,1.3282287,-0.37786573,1.6047044,1.0
0.26914707,-0.29767485,-0.41130523,1.4552339,-0.37786573,1.6077515,1.0
2.5654716,0.11814376,-0.50146835,4.3341599,-0.37786573,0.88254028,1.0
1.2361543,-0.058800326,-0.54654991,1.5569225,7.5119306,1.1537327,1.0
0.23323789,-0.31094565,-0.230979,1.537935,3.703261,1.4614904,1.0
1.2596985,-0.15611958,-0.54654991,1.8628321,8.2156435,1.2847583,1.0
0.1605726,-0.27998044,-0.27606055,1.0970032,-0.37786573,1.8576142,1.0
2.33257,-0.041105917,-0.45638679,2.1143109,-0.37786573,0.64486602,1.0
0.36061386,-0.27555684,-0.41130523,1.2691565,2.7012117,1.5864217,1.0
-0.10569738,-0.44365372,-0.27606055,0.88603105,2.4836412,1.3883599,1.0
0.19749808,-0.33306367,-0.14081588,1.0813913,-0.37786573,1.8088605,1.0
0.36230769,-0.31536926,-0.41130523,1.439622,-0.37786573,1.1506856,1.0
-0.34994758,-0.44365372,0.71573375,1.2181012,1.0804627,1.3335119,1.0
4.6939376,1.1665375,-0.32114211,4.5615879,0.98178548,1.1567798,1.0
1.7089021,0.61801082,-0.32114211,-0.85955255,-0.37786573,-0.94572324,1.0
-0.055390645,-0.2003556,-0.45638679,1.5404667,8.3833322,1.4401607,1.0
0.17920473,-0.42595931,-0.41130523,0.75396248,2.4701088,1.2542872,1.0
0.1924166,-0.35518168,-0.36622367,1.8117769,4.3715462,1.5193854,1.0
0.69243504,-0.36845248,-0.32114211,1.4417317,2.1069096,1.3792185,1.0
1.1086089,-0.14284877,-0.14081588,3.7974468,0.46894065,1.2603814,1.0
1.3515041,-0.37729969,-0.50146835,1.6240116,4.6603013,1.306088,1.0
0.54202299,-0.30209845,-0.36622367,1.568315,-0.37786573,1.5011028,1.0
0.064363094,-0.42595931,-0.36622367,1.7767555,4.2067221,1.3548417,1.0
3.7918041,1.2019263,-0.50146835,4.0645375,2.3020251,0.55040574,1.0
0.73105435,-0.26670963,-0.230979,1.2666248,0.69586197,1.2969467,1.0
0.24492531,-0.35075807,-0.41130523,0.8750605,-0.37786573,1.4005483,1.0
3.7801167,0.7816841,-0.54654991,4.3434427,-0.37786573,0.93434108,1.0
1.2656269,0.28624065,0.2198366,-0.85955255,-0.37786573,-0.94572324,1.0
0.017613402,-0.4038413,-0.32114211,1.6788644,2.7463194,1.565092,1.0
0.62942458,2.0822232,0.98622311,-0.85955255,-0.37786573,-0.94572324,1.0
0.43581988,-0.22247361,-0.36622367,1.1632485,2.3656697,1.2878054,1.0
-0.043872605,-0.41711211,-0.32114211,1.7767555,4.2067221,1.3548417,1.0
2.0076936,-0.24459162,-0.32114211,2.5438502,0.86078492,0.76370315,1.0
0.032857867,-0.3994177,-0.27606055,1.6754888,3.0426473,1.5193854,1.0
1.3242334,-0.23132081,-0.45638679,1.7704263,2.1617303,1.047084,1.0
0.092650045,-0.29767485,-0.230979,1.3725328,1.5837262,1.6047044,1.0
1.2334441,0.41894872,-0.50146835,1.4564998,3.4485836,0.95567082,1.0
0.23764184,-0.24459162,0.71573375,3.7134798,0.64193029,1.0409898,1.0
0.74985585,-0.2136264,-0.41130523,1.8155744,3.7314121,1.2360046,1.0
1.4865023,0.29508785,-0.54654991,1.7400463,8.2156435,0.91301134,1.0
0.40837985,-0.25343882,-0.50146835,1.6927886,6.6123779,1.4432078,1.0
-0.78441482,-0.47019533,-0.59163147,-0.85955255,-0.37786573,-0.94572324,1.0
4.3587288,0.46318474,-0.41130523,1.8138866,-0.37786573,0.30663727,1.0
0.42616505,0.003130105,-0.50146835,2.0999648,5.5914624,1.5986102,1.0
4.354833,0.582622,-0.54654991,9.3987574,-0.37786573,0.4285215,1.0
0.26118607,-0.10303635,-0.50146835,1.8729588,4.3969646,1.4858672,1.0
2.2592272,0.21546301,-0.54654991,3.0016598,13.750423,0.96176503,1.0
0.53457014,-0.3994177,-0.18589744,1.9332968,1.5485291,1.4584433,1.0
0.27507547,-0.3994177,-0.32114211,4.8291006,5.0477994,1.1110732,1.0
0.88214393,-0.072071133,-0.45638679,1.3851912,3.068362,1.1598269,1.0
0.4197285,-0.072071133,-0.0055711987,1.1577632,0.7575311,1.2725698,1.0
0.61350259,-0.3949941,-0.36622367,1.8206377,2.6334184,1.4279722,1.0
-0.78441482,-0.47019533,-0.59163147,-0.85955255,-0.37786573,-0.94572324,1.0
5.079792,0.89227416,-0.54654991,5.4784729,-0.37786573,0.49251073,1.0
0.37026868,-0.0057170995,-0.50146835,1.5611419,5.2983282,1.6138457,1.0
0.20291834,-0.33748727,-0.36622367,1.416415,2.6611745,1.5986102,1.0
0.0010138742,-0.41268851,0.26491816,1.2181012,1.0712436,1.680882,1.0
0.62281865,-0.37729969,-0.41130523,2.7003916,2.8592532,1.5498565,1.0
-0.46123217,-0.43923012,0.53540751,0.80417385,2.1916265,1.1750624,1.0
0.45208064,0.1889214,-0.50146835,1.5446861,7.0064281,1.4035954,1.0
0.40651663,-0.34191087,-0.45638679,-0.85955255,-0.37786573,-0.94572324,1.0
3.3473432,0.073907741,-0.32114211,3.7974468,-0.37786573,0.96176503,1.0
1.3808073,0.49414995,0.039510361,4.9421817,1.6205038,1.537668,1.0
-0.028966906,-0.36845248,-0.32114211,0.85691689,1.8356049,1.537668,1.0
0.44310335,-0.023411508,-0.41130523,1.6240116,4.3715462,1.1842038,1.0
-0.10688306,-0.32421646,-0.14081588,1.2662029,-0.37786573,1.5011028,1.0
-0.78441482,-0.47019533,-0.59163147,-0.85955255,-0.37786573,-0.94572324,1.0
0.89027431,-0.39057049,-0.50146835,2.4919511,5.129981,1.2055335,1.0
0.37433387,-0.2047792,0.17475504,2.5143141,-0.37786573,0.88254028,1.0
1.0974296,-0.19150839,-0.50146835,2.2552403,6.0677272,1.4157838,1.0
-0.15024509,-0.3994177,-0.050652758,1.3725328,1.5837262,1.5955631,1.0
0.45208064,-0.3994177,-0.45638679,1.2835026,3.8428643,1.4553962,1.0
0.1785272,-0.30209845,-0.32114211,1.0771718,2.2525054,1.3822656,1.0
2.3772871,0.52511517,-0.54654991,2.0193735,10.939259,1.0013774,1.0
2.8701915,-0.076494735,-0.54654991,2.5552427,10.620608,1.1842038,1.0
-0.17768513,-0.45250093,-0.32114211,0.65269585,-0.37786573,1.248193,1.0
0.50746887,-0.33306367,-0.50146835,1.6619866,11.803055,1.1202145,1.0
-0.04878471,-0.43038291,-0.27606055,1.0948935,1.6864532,1.4858672,1.0
1.2659657,-0.13842517,-0.18589744,4.3687594,0.46894065,1.3152293,1.0
-0.011181697,-0.41711211,-0.18589744,1.3522795,1.9368503,1.4432078,1.0
-0.3477456,-0.43923012,-0.18589744,1.2029112,3.8428643,1.3091351,1.0
0.37551956,-0.35518168,-0.14081588,1.3915203,1.6613312,1.5559507,1.0
0.39228847,-0.28440404,-0.41130523,1.416415,3.4600087,1.4614904,1.0
0.45123373,-0.33306367,-0.36622367,1.9143093,3.7314121,1.4980557,1.0
0.40126576,0.14910898,-0.50146835,1.4628289,-0.37786573,1.650411,1.0
0.37365634,-0.26228603,-0.32114211,1.7286538,1.3994432,1.3944541,1.0
3.9066457,0.92323937,-0.54654991,2.3383634,10.733443,0.71494946,1.0
0.81828656,0.25527543,-0.50146835,1.7493291,5.8106133,1.421878,1.0
0.11670242,-0.30652205,-0.050652758,-0.85955255,-0.37786573,-0.94572324,1.0
0.4724066,0.1889214,-0.18589744,1.4083981,-0.37786573,1.1202145,1.0
-0.12703963,-0.43480652,-0.27606055,1.7767555,4.2067221,1.1872509,1.0
0.55930005,-0.089765542,-0.50146835,1.5974292,5.2983282,1.5925159,1.0
0.54354743,-0.31536926,-0.50146835,1.272954,5.7959945,1.3670301,1.0
0.88807233,-0.010140702,-0.45638679,1.856503,4.0365311,1.1811567,1.0
0.14041603,-0.41268851,-0.14081588,1.0991129,1.3052109,1.4645375,1.0
-0.19021947,-0.4082649,-0.050652758,0.91134771,5.1251739,1.104979,1.0
0.5449025,-0.27998044,-0.18589744,1.287722,0.92116996,1.4310193,1.0
0.15176469,-0.33306367,-0.14081588,1.3915203,1.5837262,1.6290812,1.0
0.27947943,-0.3949941,-0.27606055,1.3522795,1.6864532,1.3335119,1.0
1.2815489,-0.28440404,-0.50146835,1.3632501,3.3564585,1.1110732,1.0
0.52186642,-0.37729969,-0.27606055,1.840891,1.928619,1.2878054,1.0
-0.78441482,-0.47019533,-0.59163147,-0.85955255,-0.37786573,-0.94572324,1.0
0.94752574,-0.18708479,-0.41130523,0.89446994,2.4836412,0.93129397,1.0
0.25881471,-0.19150839,-0.50146835,1.2670468,3.6908481,1.4828201,1.0
0.43971569,-0.38172329,-0.45638679,1.5700028,4.0721563,1.2116277,1.0
-0.012536761,-0.42153571,0.40016284,1.2181012,1.0804627,1.6900233,1.0
1.2417439,4.2055522,-0.32114211,1.3657817,1.8293491,0.529076,1.0
0.75425981,0.016400912,0.08459192,4.9421817,1.4216019,1.2512401,1.0
0.96412527,-0.34191087,-0.41130523,1.5742222,3.703261,1.3792185,1.0
-0.78441482,-0.47019533,-0.59163147,-0.85955255,-0.37786573,-0.94572324,1.0
0.60266208,-0.076494735,-0.45638679,1.8446885,3.068362,1.5407151,1.0
0.18767387,-0.32864006,-0.45638679,1.4054445,4.6050526,1.6382225,1.0
0.20257957,-0.41268851,-0.32114211,1.2235865,2.9641862,1.2817111,1.0
1.1072539,-0.098612747,-0.54654991,1.7096663,7.7221917,1.2603814,1.0
0.56065511,-0.36845248,-0.27606055,4.0645375,2.422861,1.3304648,1.0
0.1278817,-0.27113323,-0.50146835,1.5771758,5.2983282,1.6839291,1.0
1.4680395,-0.29767485,-0.50146835,1.2408862,2.5325682,0.69971393,1.0
0.18818202,-0.36845248,0.30999972,2.1197962,0.61730215,1.5833746,1.0
0.11145155,-0.3949941,-0.36622367,1.3463723,2.6611745,1.5681391,1.0
0.27558362,-0.27998044,-0.45638679,2.1303448,6.2721276,1.2146748,1.0
0.54337805,0.1889214,-0.50146835,1.5788636,7.750705,1.4584433,1.0
2.0158239,0.15353258,-0.32114211,2.1923706,-0.37786573,0.96176503,1.0
1.0217155,-0.27113323,-0.41130523,5.4784729,-0.37786573,0.79722131,1.0
0.19224721,-0.2003556,-0.230979,1.2003796,2.2620867,1.132403,1.0
0.72309335,-0.195932,-0.32114211,4.0645375,2.422861,1.3243706,1.0
2.3191888,0.72860087,-0.50146835,-0.85955255,-0.37786573,-0.94572324,1.0
-0.25001164,-0.37729969,-0.32114211,1.2691565,3.652984,1.0927906,1.0
0.28134264,-0.41711211,-0.36622367,0.85100967,2.7896491,1.3457004,1.0
1.2049878,1.7637238,-0.50146835,1.5624078,6.4890725,0.93129397,1.0
0.73664398,-0.22247361,-0.050652758,1.5096647,0.53926914,1.3152293,1.0
0.17700275,-0.19150839,-0.50146835,1.5788636,7.750705,1.5559507,1.0
-0.15160016,-0.36845248,0.62557063,1.1974259,-0.37786573,1.0105187,0.0
-0.78441482,-0.47019533,-0.59163147,-0.85955255,-0.37786573,-0.94572324,0.0
-0.78441482,-0.47019533,-0.59163147,-0.85955255,-0.37786573,-0.94572324,0.0
1.5591675,5.0504603,-0.50146835,0.94805686,-0.37786573,0.30968437,0.0
-0.78441482,-0.47019533,-0.59163147,-0.85955255,-0.37786573,-0.94572324,0.0
0.095190789,-0.29767485,0.49032595,0.50543729,0.10327201,1.2664756,0.0
0.30827453,-0.45250093,-0.45638679,-0.85955255,-0.37786573,-0.94572324,0.0
-0.029475055,0.020824514,0.12967348,-0.12410362,0.72016086,0.83073948,0.0
-0.78441482,-0.47019533,-0.59163147,-0.85955255,-0.37786573,-0.94572324,0.0
-0.78441482,-0.47019533,-0.59163147,-0.85955255,-0.37786573,-0.94572324,0.0
-0.42193533,-0.45250093,0.58048907,-0.85955255,-0.37786573,-0.94572324,0.0
-0.009657251,-0.27113323,0.76081531,0.57590199,-0.37786573,1.1720153,0.0
-0.78441482,-0.47019533,-0.59163147,-0.85955255,-0.37786573,-0.94572324,0.0
0.14837703,-0.44807732,-0.27606055,1.1400415,-0.37786573,1.8576142,0.0
-0.0084715705,-0.41711211,-0.0055711987,1.4835042,0.542858,0.86121054,0.0
-0.16430388,-0.14284877,1.0313047,1.2792831,1.8747532,0.97395345,0.0
0.27693868,-0.39057049,0.12967348,-0.85955255,-0.37786573,-0.94572324,0.0
0.0084667236,-0.15169597,0.71573375,0.356069,-0.37786573,1.2085806,0.0
0.43023024,-0.23574442,-0.14081588,0.8674655,-0.37786573,0.7393263,0.0
-0.78441482,-0.47019533,-0.59163147,-0.85955255,-0.37786573,-0.94572324,0.0
0.02150921,-0.12957796,-0.18589744,0.76493303,-0.37786573,1.3700772,0.0
-0.78441482,-0.47019533,-0.59163147,-0.85955255,-0.37786573,-0.94572324,0.0
-0.78441482,-0.47019533,-0.59163147,-0.85955255,-0.37786573,-0.94572324,0.0
0.42785888,0.32605307,0.30999972,-0.85955255,-0.37786573,-0.94572324,0.0
0.023372422,-0.36402888,0.17475504,0.59277976,-0.37786573,1.2603814,0.0
-0.78441482,-0.47019533,-0.59163147,-0.85955255,-0.37786573,-0.94572324,0.0
-0.40669086,-0.43480652,1.1214678,-0.85955255,-0.37786573,-0.94572324,0.0
-0.78441482,-0.47019533,-0.59163147,-0.85955255,-0.37786573,-0.94572324,0.0
-0.072328939,-0.0057170995,-0.27606055,0.35016178,2.7769399,0.76065604,0.0
-0.14109841,-0.41711211,-0.050652758,-0.85955255,-0.37786573,-0.94572324,0.0
-0.78441482,-0.47019533,-0.59163147,-0.85955255,-0.37786573,-0.94572324,0.0
-0.35858611,-0.14284877,0.039510361,0.57294838,-0.37786573,1.0348956,0.0
-0.4122805,-0.42153571,0.17475504,-0.85955255,-0.37786573,-0.94572324,0.0
0.40888799,0.3968307,-0.14081588,1.1936284,0.89700277,1.0866964,0.0
0.080115707,-0.45250093,0.35508128,-0.85955255,-0.37786573,-0.94572324,0.0
0.22934208,0.047366127,-0.050652758,-0.85955255,-0.37786573,-0.94572324,0.0
-0.15532658,-0.42153571,-0.050652758,1.8813977,-0.37786573,0.97090635,0.0
-0.78441482,-0.47019533,-0.59163147,-0.85955255,-0.37786573,-0.94572324,0.0
1.6465691,5.0504603,-0.50146835,0.97632713,-0.37786573,0.52602889,0.0
1.3215233,4.9398702,0.17475504,1.3083973,-0.37786573,0.63877181,0.0
0.45275818,0.073907741,0.44524439,0.74467971,-0.37786573,1.4828201,0.0
-0.063351643,-0.45250093,0.26491816,-0.85955255,-0.37786573,-0.94572324,0.0
0.070291497,-0.45250093,0.08459192,-0.85955255,-0.37786573,-0.94572324,0.0
0.4197285,-0.4038413,0.2198366,-0.85955255,-0.37786573,-0.94572324,0.0
-0.029644438,-0.24016802,2.023099,-0.43634241,-0.37786573,0.98918898,0.0
0.090109301,0.29508785,1.8878543,1.0307579,-0.37786573,0.78198578,0.0
-0.78441482,-0.47019533,-0.59163147,-0.85955255,-0.37786573,-0.94572324,0.0
-0.78441482,-0.47019533,-0.59163147,-0.85955255,-0.37786573,-0.94572324,0.0
-0.20986789,-0.3994177,-0.27606055,-0.027056429,-0.37786573,1.3121822,0.0
-0.11264208,-0.3994177,0.71573375,-0.089504186,0.41201277,1.0775551,0.0
-0.78441482,-0.47019533,-0.59163147,-0.85955255,-0.37786573,-0.94572324,0.0
0.38856204,-0.44365372,0.12967348,1.2809709,-0.37786573,0.91910555,0.0
1.2137957,4.6081,-0.50146835,-0.85955255,-0.37786573,-0.94572324,0.0
-0.78441482,-0.47019533,-0.59163147,-0.85955255,-0.37786573,-0.94572324,0.0
-0.78441482,-0.47019533,-0.59163147,-0.85955255,-0.37786573,-0.94572324,0.0
-0.35655351,0.13141457,0.80589687,0.90375271,0.39084178,1.1476385,0.0
-0.78441482,-0.47019533,-0.59163147,-0.85955255,-0.37786573,-0.94572324,0.0
7.2233331,-0.45250093,-0.50146835,-0.85955255,-0.37786573,-0.94572324,0.0
-0.25170547,-0.44807732,-0.18589744,-0.85955255,-0.37786573,-0.94572324,0.0
-0.78441482,-0.47019533,-0.59163147,-0.85955255,-0.37786573,-0.94572324,0.0
-0.11687665,-0.33748727,0.89605999,0.76704276,0.48774101,1.1080261,0.0
0.742403,-0.45250093,-0.41130523,-0.85955255,-0.37786573,-0.94572324,0.0
1.0181584,-0.44365372,-0.0055711987,-0.85955255,-0.37786573,-0.94572324,0.0
-0.78441482,-0.47019533,-0.59163147,-0.85955255,-0.37786573,-0.94572324,0.0
0.061652967,-0.054376724,0.08459192,0.89109438,-0.37786573,1.3517946,0.0
-0.78441482,-0.47019533,-0.59163147,-0.85955255,-0.37786573,-0.94572324,0.0
-0.42362916,-0.44365372,0.039510361,-0.85955255,-0.37786573,-0.94572324,0.0
0.31928442,-0.098612747,-0.230979,0.83117829,-0.37786573,1.3274177,0.0
-0.78441482,-0.47019533,-0.59163147,-0.85955255,-0.37786573,-0.94572324,0.0
-0.78441482,-0.47019533,-0.59163147,-0.85955255,-0.37786573,-0.94572324,0.0
-0.27050698,-0.45250093,-0.095734317,0.88603105,-0.37786573,1.1263087,0.0
0.54219237,0.034095321,0.08459192,0.70543889,0.23661957,0.91910555,0.0
0.11466983,-0.34191087,0.2198366,-0.85955255,-0.37786573,-0.94572324,0.0
-0.78441482,-0.47019533,-0.59163147,-0.85955255,-0.37786573,-0.94572324,0.0
0.16226643,0.55608039,0.49032595,0.89067244,-0.37786573,0.85511633,0.0
1.1426549,3.329679,-0.45638679,2.3425828,-0.37786573,0.78808,0.0
0.87282787,4.1215038,0.2198366,0.53075394,-0.37786573,0.61134786,0.0
-0.17446685,-0.29325125,0.58048907,1.113881,0.55885971,1.1567798,0.0
0.48578785,0.082754945,-0.095734317,0.93919603,0.97473946,0.98004767,0.0
-0.78441482,-0.47019533,-0.59163147,-0.85955255,-0.37786573,-0.94572324,0.0
-0.19411527,-0.32421646,5.4492975,0.73539693,-0.37786573,0.67838418,0.0
-0.78441482,-0.47019533,-0.59163147,-0.85955255,-0.37786573,-0.94572324,0.0
0.31318663,-0.23132081,-0.36622367,1.1050201,1.6209318,1.4767259,0.0
0.20816921,-0.2092028,0.98622311,0.46577452,-0.37786573,1.2238161,0.0
-0.78441482,-0.47019533,-0.59163147,-0.85955255,-0.37786573,-0.94572324,0.0
-0.78441482,-0.47019533,-0.59163147,-0.85955255,-0.37786573,-0.94572324,0.0
1.0034221,3.0819573,0.12967348,1.060294,1.0244896,0.53821731,0.0
0.21070995,-0.26670963,-0.050652758,-0.85955255,-0.37786573,-0.94572324,0.0
-0.50577988,-0.4082649,2.1132621,0.27041431,0.28093706,0.91605844,0.0
0.16294397,-0.31979286,0.44524439,1.060294,-0.37786573,1.0775551,0.0
0.57505266,1.0338294,0.44524439,0.87801411,-0.37786573,0.79417421,0.0
0.99969569,0.85688534,-0.0055711987,0.68982695,-0.37786573,1.0927906,0.0
-0.78441482,-0.47019533,-0.59163147,-0.85955255,-0.37786573,-0.94572324,0.0
-0.78441482,-0.47019533,-0.59163147,-0.85955255,-0.37786573,-0.94572324,0.0
-0.78441482,-0.47019533,-0.59163147,-0.85955255,-0.37786573,-0.94572324,0.0
-0.059794601,-0.36402888,0.039510361,2.0257026,1.5514265,0.91301134,0.0
0.51255035,-0.16054318,-0.14081588,0.90586243,1.2685321,1.0958377,0.0
-0.78441482,-0.47019533,-0.59163147,-0.85955255,-0.37786573,-0.94572324,0.0
-0.78441482,-0.47019533,-0.59163147,-0.85955255,-0.37786573,-0.94572324,0.0
1.4727822,2.8253883,-0.050652758,0.70712666,-0.37786573,0.75760894,0.0
-0.78441482,-0.47019533,-0.59163147,-0.85955255,-0.37786573,-0.94572324,0.0
-0.10756059,-0.4082649,-0.32114211,-0.85955255,-0.37786573,-0.94572324,0.0
0.77882034,0.50742076,0.2198366,1.2927854,-0.37786573,1.3243706,0.0
0.29709525,-0.45250093,0.039510361,1.3446845,-0.37786573,1.2329575,0.0
-0.25594005,-0.31536926,1.7075281,0.087712423,-0.37786573,1.3182764,0.0
0.15108716,0.26412264,0.40016284,1.0024877,-0.37786573,1.5711862,0.0
-0.20309257,-0.45250093,0.44524439,0.90755021,-0.37786573,1.0806022,0.0
-0.083846979,-0.32421646,0.67065219,0.8341319,0.53851186,1.3243706,0.0
0.88434591,0.90554496,0.40016284,0.80164219,-0.37786573,1.1720153,0.0
1.1623033,1.9495151,-0.27606055,0.78645219,0.7111064,0.75151473,0.0
-0.40567457,-0.41268851,1.4370387,0.89193827,-0.37786573,0.75760894,0.0
-0.065723004,-0.27998044,-0.18589744,-0.85955255,-0.37786573,-0.94572324,0.0
0.33368197,0.52511517,-0.41130523,-0.85955255,-0.37786573,-0.94572324,0.0
-0.39618912,-0.31979286,14.645936,-0.85955255,-0.37786573,-0.94572324,0.0
-0.10925442,-0.44365372,-0.095734317,0.21471766,-0.37786573,0.8398808,0.0
0.33673086,-0.17823759,0.67065219,0.1712574,2.0104713,0.92215265,0.0
0.16141952,-0.19150839,0.53540751,0.73497499,0.28538197,1.0745079,0.0
0.33656148,-0.16054318,-0.41130523,1.0100827,-0.37786573,0.81550395,0.0
-0.084016362,-0.32864006,-0.0055711987,0.62948891,1.0735484,1.1354501,0.0
-0.78441482,-0.47019533,-0.59163147,-0.85955255,-0.37786573,-0.94572324,0.0
-0.16667524,-0.38614689,-0.14081588,2.1189523,-0.37786573,0.88254028,0.0
1.2600373,1.2417387,-0.14081588,2.5797155,-0.37786573,0.75456183,0.0
-0.78441482,-0.47019533,-0.59163147,-0.85955255,-0.37786573,-0.94572324,0.0
3.1368002,-0.43923012,-0.45638679,-0.85955255,-0.37786573,-0.94572324,0.0
-0.29557565,-0.41711211,0.98622311,0.84974384,0.23006743,1.1750624,0.0
0.86571378,-0.35960528,-0.230979,0.863668,0.66678891,0.96176503,0.0
-0.78441482,-0.47019533,-0.59163147,-0.85955255,-0.37786573,-0.94572324,0.0
-0.78441482,-0.47019533,-0.59163147,-0.85955255,-0.37786573,-0.94572324,0.0
-0.78441482,-0.47019533,-0.59163147,-0.85955255,-0.37786573,-0.94572324,0.0
-0.22392667,-0.24901522,1.3919571,1.0687329,-0.37786573,1.4767259,0.0
-0.78441482,-0.47019533,-0.59163147,-0.85955255,-0.37786573,-0.94572324,0.0
-0.78441482,-0.47019533,-0.59163147,-0.85955255,-0.37786573,-0.94572324,0.0
-0.78441482,-0.47019533,-0.59163147,-0.85955255,-0.37786573,-0.94572324,0.0
-0.78441482,-0.47019533,-0.59163147,-0.85955255,-0.37786573,-0.94572324,0.0
-0.78441482,-0.47019533,-0.59163147,-0.85955255,-0.37786573,-0.94572324,0.0
0.1417711,-0.076494735,0.89605999,0.69489028,0.22104589,1.2847583,0.0
-0.78441482,-0.47019533,-0.59163147,-0.85955255,-0.37786573,-0.94572324,0.0
-0.78441482,-0.47019533,-0.59163147,-0.85955255,-0.37786573,-0.94572324,0.0
-0.064367941,-0.35960528,0.2198366,-0.85955255,-0.37786573,-0.94572324,0.0
-0.092316126,-0.43923012,-0.14081588,-0.85955255,-0.37786573,-0.94572324,0.0
0.76340649,2.7147983,-0.45638679,1.0328677,-0.37786573,0.64486602,0.0
-0.44615709,-0.45250093,-0.59163147,0.40628037,-0.37786573,0.72104367,0.0
-0.78441482,-0.47019533,-0.59163147,-0.85955255,-0.37786573,-0.94572324,0.0
-0.13906582,-0.42595931,-0.18589744,-0.3886627,-0.37786573,1.1506856,0.0
-0.78441482,-0.47019533,-0.59163147,-0.85955255,-0.37786573,-0.94572324,0.0
1.0755792,3.4977759,-0.27606055,1.0193655,-0.37786573,1.1293559,0.0
-0.78441482,-0.47019533,-0.59163147,-0.85955255,-0.37786573,-0.94572324,0.0
1.0117219,-0.45250093,-0.50146835,-0.85955255,-0.37786573,-0.94572324,0.0
-0.78441482,-0.47019533,-0.59163147,-0.85955255,-0.37786573,-0.94572324,0.0
-0.78441482,-0.47019533,-0.59163147,-0.85955255,-0.37786573,-0.94572324,0.0
0.79779123,3.7764628,0.40016284,1.8624102,-0.37786573,0.80940974,0.0
-0.26661117,-0.44807732,-0.18589744,-0.85955255,-0.37786573,-0.94572324,0.0
0.081470771,-0.38614689,-0.41130523,1.3071315,2.9247088,1.1963922,0.0
-0.041331861,-0.38614689,1.0313047,1.2619834,0.19378373,0.79417421,0.0
-0.080289937,-0.45250093,-0.095734317,1.1953162,-0.37786573,0.84597501,0.0
-0.0018656358,-0.45250093,0.44524439,-0.85955255,-0.37786573,-0.94572324,0.0
0.95531736,0.90996856,-0.18589744,0.95607381,-0.37786573,0.77893868,0.0
0.038447504,-0.35075807,0.26491816,1.5261206,-0.37786573,0.8916816,0.0
-0.21291678,-0.43038291,0.85097843,0.71598749,0.29025492,1.132403,0.0
-0.03726667,-0.37287609,-0.36622367,0.89067244,-0.37786573,1.1384972,0.0
-0.43396152,-0.45250093,-0.095734317,0.18391572,-0.37786573,0.61439496,0.0
1.844239,-0.45250093,-0.095734317,-0.85955255,-0.37786573,-0.94572324,0.0
0.74833141,1.750453,0.12967348,1.7484852,-0.37786573,0.77284447,0.0
0.079268793,-0.23132081,0.44524439,0.66197862,0.18848275,1.1293559,0.0
-0.29760825,-0.35518168,-0.59163147,0.15311379,-0.37786573,0.57173548,0.0
-0.78441482,-0.47019533,-0.59163147,-0.85955255,-0.37786573,-0.94572324,0.0
0.043528992,-0.45250093,-0.32114211,-0.85955255,-0.37786573,-0.94572324,0.0
0.38449685,-0.072071133,-0.36622367,0.68307584,-0.37786573,0.8398808,0.0
-0.089775382,-0.38614689,0.12967348,1.0096607,-0.37786573,1.2390517,0.0
-0.083000064,-0.24901522,2.023099,0.60586003,-0.095794488,1.2329575,0.0
0.18530251,-0.32421646,0.039510361,1.4721117,-0.37786573,0.57173548,0.0
-0.1014628,-0.42595931,-0.32114211,-0.85955255,-0.37786573,-0.94572324,0.0
0.47020462,-0.14727237,-0.095734317,1.3695792,0.37414864,1.1963922,0.0
-0.35079449,-0.35960528,-0.050652758,0.35564706,1.2283961,1.0044245,0.0
-0.28727589,-0.43923012,-0.36622367,0.46408674,-0.37786573,1.7936249,0.0
0.81676211,-0.058800326,-0.18589744,1.394052,1.2653713,1.4005483,0.0
-0.22968569,0.042942525,-0.095734317,-0.19709998,1.2748208,1.1384972,0.0
-0.78441482,-0.47019533,-0.59163147,-0.85955255,-0.37786573,-0.94572324,0.0
0.63298162,0.57377479,0.40016284,0.21302988,0.87326361,0.77589157,0.0
-0.78441482,-0.47019533,-0.59163147,-0.85955255,-0.37786573,-0.94572324,0.0
-0.78441482,-0.47019533,-0.59163147,-0.85955255,-0.37786573,-0.94572324,0.0
-0.78441482,-0.47019533,-0.59163147,-0.85955255,-0.37786573,-0.94572324,0.0
0.096207087,-0.036682315,0.76081531,-0.85955255,-0.37786573,-0.94572324,0.0
0.78271614,0.62685802,-0.14081588,1.2552323,1.2214818,0.53821731,0.0
-0.174975,-0.28882764,-0.0055711987,0.69404639,1.5178097,1.0592724,0.0
-0.47952553,-0.43923012,1.1665493,-0.85955255,-0.37786573,-0.94572324,0.0
0.78305491,-0.45250093,0.53540751,-0.85955255,-0.37786573,-0.94572324,0.0
-0.14550237,-0.2047792,0.49032595,0.44383342,0.32808612,1.391407,0.0
0.11179032,-0.37287609,-0.0055711987,-0.85955255,-0.37786573,-0.94572324,0.0
-0.78441482,-0.47019533,-0.59163147,-0.85955255,-0.37786573,-0.94572324,0.0
-0.78441482,-0.47019533,-0.59163147,-0.85955255,-0.37786573,-0.94572324,0.0
-0.37366119,-0.3949941,3.1050564,1.1050201,0.3980195,0.59915943,0.0
0.061314201,-0.32864006,0.08459192,0.82949051,-0.37786573,1.0684137,0.0
3.2069248,-0.44365372,-0.54654991,-0.85955255,-0.37786573,-0.94572324,0.0
-0.19191329,-0.35518168,0.98622311,0.10416825,-0.37786573,0.95567082,0.0
-0.20817406,-0.43038291,0.30999972,-0.85955255,-0.37786573,-0.94572324,0.0
-0.78441482,-0.47019533,-0.59163147,-0.85955255,-0.37786573,-0.94572324,0.0
-0.55879674,-0.30652205,10.994329,-0.85955255,-0.37786573,-0.94572324,0.0
-0.087742787,-0.2092028,0.80589687,0.25775598,0.20296989,1.2725698,0.0
0.80642976,1.4894605,-0.050652758,1.8379374,0.11719943,1.1141203,0.0
-0.18835625,-0.4082649,0.2198366,1.2560762,-0.37786573,0.6326776,0.0
-0.78441482,-0.47019533,-0.59163147,-0.85955255,-0.37786573,-0.94572324,0.0
-0.78441482,-0.47019533,-0.59163147,-0.85955255,-0.37786573,-0.94572324,0.0
-0.78441482,-0.47019533,-0.59163147,-0.85955255,-0.37786573,-0.94572324,0.0
0.51797061,0.55165678,-0.18589744,0.530332,0.28969519,0.62353628,0.0
-0.78441482,-0.47019533,-0.59163147,-0.85955255,-0.37786573,-0.94572324,0.0
1.1719581,2.3653337,-0.45638679,1.264937,-0.37786573,0.41328597,0.0
-0.78441482,-0.47019533,-0.59163147,-0.85955255,-0.37786573,-0.94572324,0.0
-0.78441482,-0.47019533,-0.59163147,-0.85955255,-0.37786573,-0.94572324,0.0
5.5591457,-0.44807732,-0.54654991,-0.85955255,-0.37786573,-0.94572324,0.0
0.36196892,0.042942525,-0.230979,1.2088184,-0.37786573,1.1659211,0.0
0.80558284,0.99401701,-0.36622367,0.80122024,-0.37786573,0.61439496,0.0
-0.16532017,-0.45250093,0.53540751,-0.85955255,-0.37786573,-0.94572324,0.0
0.74850079,0.45876114,-0.41130523,-0.85955255,-0.37786573,-0.94572324,0.0
-0.78441482,-0.47019533,-0.59163147,-0.85955255,-0.37786573,-0.94572324,0.0
-0.78441482,-0.47019533,-0.59163147,-0.85955255,-0.37786573,-0.94572324,0.0
0.62434309,-0.023411508,-0.41130523,1.439622,2.4510451,1.4035954,0.0
-0.78441482,-0.47019533,-0.59163147,-0.85955255,-0.37786573,-0.94572324,0.0
-0.78441482,-0.47019533,-0.59163147,-0.85955255,-0.37786573,-0.94572324,0.0
-0.78441482,-0.47019533,-0.59163147,-0.85955255,-0.37786573,-0.94572324,0.0
-0.06030275,-0.26228603,-0.095734317,2.007559,-0.37786573,0.90691713,0.0
-0.49815765,-0.4082649,1.2116309,0.076741871,-0.37786573,1.0653666,0.0
0.47816562,0.79937851,-0.14081588,0.91894271,-0.37786573,0.97395345,0.0
-0.43379213,-0.43923012,0.17475504,0.34003512,-0.37786573,0.69361971,0.0
-0.3963585,-0.45250093,1.1214678,0.44130175,0.27896154,1.4980557,0.0
-0.78441482,-0.47019533,-0.59163147,-0.85955255,-0.37786573,-0.94572324,0.0
0.49103872,-0.44807732,0.30999972,-0.85955255,-0.37786573,-0.94572324,0.0
0.43175469,0.23315742,-0.050652758,-0.85955255,-0.37786573,-0.94572324,0.0
-0.42227409,-0.45250093,0.67065219,-0.85955255,-0.37786573,-0.94572324,0.0
0.30285427,0.70205926,1.9780174,0.64678863,0.03508367,0.34624965,0.0
-0.02574863,-0.34191087,-0.095734317,-0.85955255,-0.37786573,-0.94572324,0.0
-0.78441482,-0.47019533,-0.59163147,-0.85955255,-0.37786573,-0.94572324,0.0
-0.25204424,-0.33748727,1.7526096,0.99278296,-0.37786573,0.86425764,0.0
-0.23764669,-0.39057049,-0.27606055,0.50796895,1.4954864,1.4919615,0.0
-0.39805233,-0.44365372,0.49032595,0.10965353,1.1094699,1.0531782,0.0
0.77035119,2.4361113,0.17475504,-0.85955255,-0.37786573,-0.94572324,0.0
-0.78441482,-0.47019533,-0.59163147,-0.85955255,-0.37786573,-0.94572324,0.0
-0.24272818,-0.43038291,0.12967348,0.94721297,-0.37786573,0.69666682,0.0
-0.016601952,-0.44365372,0.039510361,1.962411,1.6282742,0.98004767,0.0
-0.2117311,-0.31094565,-0.14081588,0.64721057,-0.37786573,0.69057261,0.0
-0.1621019,-0.35075807,2.5189961,-0.85955255,-0.37786573,-0.94572324,0.0
-0.057762006,-0.44807732,1.0313047,-0.85955255,-0.37786573,-0.94572324,0.0
0.60418652,-0.34633447,-0.27606055,1.2413082,-0.37786573,1.4706317,0.0
-0.37027353,-0.4082649,0.89605999,0.53117589,0.49458948,0.38890913,0.0
-0.78441482,-0.47019533,-0.59163147,-0.85955255,-0.37786573,-0.94572324,0.0
-0.78441482,-0.47019533,-0.59163147,-0.85955255,-0.37786573,-0.94572324,0.0
-0.78441482,-0.47019533,-0.59163147,-0.85955255,-0.37786573,-0.94572324,0.0
1.6585953,-0.44807732,-0.54654991,-0.85955255,-0.37786573,-0.94572324,0.0
0.074356687,-0.28882764,0.039510361,0.47885479,-0.37786573,1.3700772,0.0
-0.78441482,-0.47019533,-0.59163147,-0.85955255,-0.37786573,-0.94572324,0.0
-0.18869502,-0.37287609,0.44524439,0.54003672,1.6628458,0.7911271,0.0
0.84098388,2.8032703,-0.45638679,1.7075566,-0.37786573,0.85511633,0.0
-0.78441482,-0.47019533,-0.59163147,-0.85955255,-0.37786573,-0.94572324,0.0
4.6278783,-0.35518168,-0.54654991,-0.85955255,-0.37786573,-0.94572324,0.0
-0.15481843,-0.35518168,0.44524439,-0.85955255,-0.37786573,-0.94572324,0.0
-0.35231894,-0.43038291,1.5272018,0.20248127,-0.37786573,0.76065604,0.0
0.49578144,-0.44365372,-0.27606055,-0.85955255,-0.37786573,-0.94572324,0.0
-0.78441482,-0.47019533,-0.59163147,-0.85955255,-0.37786573,-0.94572324,0.0
-0.2742334,-0.4038413,-0.27606055,-0.85955255,-0.37786573,-0.94572324,0.0
-0.34757622,-0.38614689,1.6624465,0.21471766,-0.023753882,1.0531782,0.0
-0.1700629,-0.33306367,1.7526096,0.80290802,-0.37786573,0.97395345,0.0
2.6809908,-0.45250093,-0.36622367,-0.85955255,-0.37786573,-0.94572324,0.0
-0.78441482,-0.47019533,-0.59163147,-0.85955255,-0.37786573,-0.94572324,0.0
1.2066816,4.9177522,-0.18589744,0.96071519,-0.37786573,0.37062649,0.0
0.91957756,0.038518923,-0.14081588,0.33117429,0.81541382,1.1598269,0.0
-0.78441482,-0.47019533,-0.59163147,-0.85955255,-0.37786573,-0.94572324,0.0
0.27795498,0.33047667,-0.050652758,0.50712506,1.1365016,0.8916816,0.0
0.960907,-0.45250093,0.12967348,-0.85955255,-0.37786573,-0.94572324,0.0
-0.4102479,-0.44807732,0.40016284,-0.85955255,-0.37786573,-0.94572324,0.0
-0.78441482,-0.47019533,-0.59163147,-0.85955255,-0.37786573,-0.94572324,0.0
0.081301388,-0.17381398,0.2198366,1.159451,0.61835576,1.2603814,0.0
-0.78441482,-0.47019533,-0.59163147,-0.85955255,-0.37786573,-0.94572324,0.0
-0.78441482,-0.47019533,-0.59163147,-0.85955255,-0.37786573,-0.94572324,0.0
0.10111919,0.69763566,-0.18589744,0.026952442,1.2227659,0.44375703,0.0
-0.78441482,-0.47019533,-0.59163147,-0.85955255,-0.37786573,-0.94572324,0.0
-0.78441482,-0.47019533,-0.59163147,-0.85955255,-0.37786573,-0.94572324,0.0
-0.27795983,-0.43480652,0.17475504,1.2970048,-0.37786573,0.92824687,0.0
0.17632522,-0.036682315,-0.14081588,1.5408886,-0.37786573,1.2055335,0.0
-0.13957397,-0.33748727,-0.45638679,-0.85955255,-0.37786573,-0.94572324,0.0
1.1008173,2.3034033,-0.0055711987,1.3978495,-0.37786573,0.72409077,0.0
-0.78441482,-0.47019533,-0.59163147,-0.85955255,-0.37786573,-0.94572324,0.0
-0.78441482,-0.47019533,-0.59163147,-0.85955255,-0.37786573,-0.94572324,0.0
-0.21342493,-0.35960528,0.76081531,1.4421536,1.0808248,0.72713788,0.0
-0.78441482,-0.47019533,-0.59163147,-0.85955255,-0.37786573,-0.94572324,0.0
-0.78441482,-0.47019533,-0.59163147,-0.85955255,-0.37786573,-0.94572324,0.0
-0.78441482,-0.47019533,-0.59163147,-0.85955255,-0.37786573,-0.94572324,0.0
-0.13906582,-0.38614689,-0.18589744,1.1932065,-0.37786573,1.565092,0.0
-0.17785451,-0.24901522,2.3386699,0.19193267,-0.37786573,0.95871792,0.0
-0.78441482,-0.47019533,-0.59163147,-0.85955255,-0.37786573,-0.94572324,0.0
-0.78441482,-0.47019533,-0.59163147,-0.85955255,-0.37786573,-0.94572324,0.0
1.447883,0.75514249,-0.50146835,2.0809773,2.7864883,1.1567798,0.0
0.3641709,0.55608039,1.6624465,-0.85955255,-0.37786573,-0.94572324,0.0
-0.78441482,-0.47019533,-0.59163147,-0.85955255,-0.37786573,-0.94572324,0.0
0.20139389,-0.30209845,0.2198366,0.64510085,1.958153,1.2542872,0.0
-0.78441482,-0.47019533,-0.59163147,-0.85955255,-0.37786573,-0.94572324,0.0
0.39347415,1.838925,0.12967348,0.14678463,0.53281577,0.5808768,0.0
-0.22172469,-0.28440404,0.80589687,0.40628037,0.13464985,1.2146748,0.0
-0.78441482,-0.47019533,-0.59163147,-0.85955255,-0.37786573,-0.94572324,0.0
-0.78441482,-0.47019533,-0.59163147,-0.85955255,-0.37786573,-0.94572324,0.0
0.24848235,-0.25786243,-0.230979,0.78560831,2.0922908,1.0074716,0.0
0.028284528,-0.3994177,-0.050652758,-0.85955255,-0.37786573,-0.94572324,0.0
0.055385798,-0.41268851,-0.0055711987,-0.85955255,-0.37786573,-0.94572324,0.0
-0.19326836,-0.36402888,0.2198366,-0.85955255,-0.37786573,-0.94572324,0.0
1.8376331,2.3653337,-0.45638679,2.4455372,-0.37786573,0.76370315,0.0
-0.31607099,-0.43923012,-0.050652758,1.189409,1.1905649,0.62963049,0.0
-0.057253857,-0.32421646,0.94114155,-0.85955255,-0.37786573,-0.94572324,0.0
-0.78441482,-0.47019533,-0.59163147,-0.85955255,-0.37786573,-0.94572324,0.0
0.79829937,0.47645554,-0.36622367,1.9210604,0.9991042,1.1476385,0.0
-0.78441482,-0.47019533,-0.59163147,-0.85955255,-0.37786573,-0.94572324,0.0
0.69192689,0.3835599,0.039510361,1.3096631,-0.37786573,0.87644607,0.0
-0.52830781,-0.44365372,1.301794,0.95522992,0.68667581,0.65400734,0.0
-0.78441482,-0.47019533,-0.59163147,-0.85955255,-0.37786573,-0.94572324,0.0
1.2393726,1.3036692,-0.27606055,1.2037551,-0.37786573,0.94043529,0.0
0.60232331,-0.032258713,-0.14081588,0.65100807,0.87602934,1.0745079,0.0
0.93736277,0.86130894,-0.050652758,0.689405,0.41267127,0.88558738,0.0
0.94617068,0.20219221,-0.18589744,1.0408846,1.7736724,1.0288014,0.0
-0.78441482,-0.47019533,-0.59163147,-0.85955255,-0.37786573,-0.94572324,0.0
0.63077965,-0.063223929,-0.0055711987,-0.85955255,-0.37786573,-0.94572324,0.0
-0.22003086,-0.44807732,-0.230979,0.80543969,-0.37786573,1.4614904,0.0
0.05148999,-0.25343882,0.039510361,1.3944739,0.67083873,1.5498565,0.0
0.035737377,-0.3994177,0.30999972,-0.85955255,-0.37786573,-0.94572324,0.0
-0.32860533,-0.43923012,-0.14081588,0.69404639,1.5178097,1.2542872,0.0
-0.21799827,-0.36845248,0.89605999,0.61387697,0.19091922,1.0227071,0.0
-0.78441482,-0.47019533,-0.59163147,-0.85955255,-0.37786573,-0.94572324,0.0
0.57014055,0.61801082,-0.32114211,0.58265309,1.4382951,1.2024864,0.0
0.45682337,-0.0057170995,0.40016284,1.0307579,-0.37786573,1.0013774,0.0
-0.59047135,-0.44365372,-0.59163147,0.51429812,-0.37786573,0.270072,0.0
1.5610308,1.0824891,-0.14081588,-0.85955255,-0.37786573,-0.94572324,0.0
0.28083449,0.21988661,-0.36622367,1.3324481,1.3173274,1.1232616,0.0
0.075372985,-0.14727237,0.17475504,0.56239977,0.57400535,1.0897435,0.0
-0.20258442,-0.33306367,0.40016284,0.29108958,-0.37786573,1.104979,0.0
-0.43142077,-0.41268851,3.8714429,0.32104762,-0.37786573,0.51688757,0.0
0.11162093,-0.29767485,-0.14081588,0.80965913,0.81646743,1.2969467,0.0
0.2500068,1.3744468,2.6091592,1.492787,-0.37786573,0.8916816,0.0
-0.78441482,-0.47019533,-0.59163147,-0.85955255,-0.37786573,-0.94572324,0.0
0.057587776,0.078331343,1.8878543,0.52737839,0.063267746,0.77589157,0.0
0.25712088,-0.45250093,-0.27606055,-0.85955255,-0.37786573,-0.94572324,0.0
-0.42633928,-0.45250093,-0.59163147,-0.85955255,-0.37786573,-0.94572324,0.0
0.55150843,0.3835599,-0.0055711987,1.113881,-0.37786573,1.2299103,0.0
-0.78441482,-0.47019533,-0.59163147,-0.85955255,-0.37786573,-0.94572324,0.0
-0.78441482,-0.47019533,-0.59163147,-0.85955255,-0.37786573,-0.94572324,0.0
0.25813718,-0.22247361,-0.41130523,-0.85955255,-0.37786573,-0.94572324,0.0
-0.18615427,-0.41711211,-0.36622367,0.70375111,2.7690378,1.2146748,0.0
0.46071917,0.64897603,0.26491816,1.7387805,0.045718549,1.0440369,0.0
1.0611817,1.728335,0.2198366,0.4560698,0.4691382,0.57173548,0.0
0.3433368,1.0913363,-0.27606055,0.46661841,-0.37786573,0.4772752,0.0
-0.3099732,-0.41268851,0.30999972,0.014294113,-0.37786573,1.4127367,0.0
0.22900331,-0.15169597,-0.41130523,-0.85955255,-0.37786573,-0.94572324,0.0
-0.1173848,-0.45250093,0.67065219,0.73539693,-0.37786573,0.62963049,0.0
-0.55845798,-0.4082649,4.2320954,0.75522832,0.17337003,0.93129397,0.0
1.2600373,-0.45250093,-0.050652758,-0.85955255,-0.37786573,-0.94572324,0.0
-0.78441482,-0.47019533,-0.59163147,-0.85955255,-0.37786573,-0.94572324,0.0
-0.78441482,-0.47019533,-0.59163147,-0.85955255,-0.37786573,-0.94572324,0.0
-0.78441482,-0.47019533,-0.59163147,-0.85955255,-0.37786573,-0.94572324,0.0
-0.31132827,-0.42595931,0.08459192,0.81936385,-0.37786573,1.1080261,0.0
0.14210986,-0.0057170995,0.30999972,1.0577624,-0.37786573,1.220769,0.0
-0.3209831,-0.38614689,-0.095734317,0.017669668,0.84550757,1.4919615,0.0
0.99647741,2.3299449,-0.32114211,-0.85955255,-0.37786573,-0.94572324,0.0
2.9582706,-0.44807732,-0.36622367,-0.85955255,-0.37786573,-0.94572324,0.0
-0.27270896,-0.44807732,0.76081531,-0.85955255,-0.37786573,-0.94572324,0.0
-0.78441482,-0.47019533,-0.59163147,-0.85955255,-0.37786573,-0.94572324,0.0
-0.439043,-0.44365372,0.08459192,0.21556155,-0.37786573,1.1720153,0.0
-0.13500063,-0.31979286,0.44524439,0.65649335,0.27942249,1.2756169,0.0
1.1980431,5.0858491,-0.45638679,0.70501694,-0.37786573,0.5321231,0.0
-0.16786092,-0.44807732,-0.59163147,0.013872169,-0.37786573,0.66619576,0.0
0.45106435,0.12256737,0.62557063,0.42104842,-0.37786573,1.248193,0.0
-0.17378932,-0.43038291,0.40016284,-0.85955255,-0.37786573,-0.94572324,0.0
1.0528819,3.418151,-0.0055711987,-0.85955255,-0.37786573,-0.94572324,0.0
0.46258239,0.34817108,-0.41130523,0.89236022,-0.37786573,1.047084,0.0
0.21003242,0.35259468,0.17475504,0.82189552,0.39798658,1.0440369,0.0
-0.44954475,-0.38614689,0.89605999,0.20416905,0.42613773,1.2512401,0.0
0.95938255,2.1928132,-0.0055711987,0.58856031,-0.37786573,0.71190235,0.0
3.057529,-0.43480652,-0.32114211,-0.85955255,-0.37786573,-0.94572324,0.0
-0.24882596,-0.29767485,0.26491816,1.9839301,-0.37786573,0.86425764,0.0
0.14583629,-0.11630716,3.8714429,-0.85955255,-0.37786573,-0.94572324,0.0
0.21579144,0.21988661,-0.14081588,0.83286607,-0.37786573,1.1598269,0.0
-0.78441482,-0.47019533,-0.59163147,-0.85955255,-0.37786573,-0.94572324,0.0
0.31979257,0.047366127,-0.050652758,-0.85955255,-0.37786573,-0.94572324,0.0
1.0242562,1.016135,-0.36622367,0.94130575,-0.37786573,1.0227071,0.0
-0.045058286,-0.34191087,-0.32114211,0.57294838,-0.37786573,1.2024864,0.0
0.44937052,0.9763226,0.30999972,0.3598665,0.49633452,0.74237341,0.0
-0.78441482,-0.47019533,-0.59163147,-0.85955255,-0.37786573,-0.94572324,0.0
0.6451772,0.21988661,-0.050652758,0.80797135,0.51013023,1.1506856,0.0
-0.19377651,-0.13400156,0.2198366,-0.23127747,1.8157839,0.78503289,0.0
0.42819765,-0.18266119,0.12967348,1.159451,-0.37786573,1.1781095,0.0
-0.2832107,-0.44365372,0.71573375,1.1839237,-0.37786573,0.82464527,0.0
-0.78441482,-0.47019533,-0.59163147,-0.85955255,-0.37786573,-0.94572324,0.0
-0.78441482,-0.47019533,-0.59163147,-0.85955255,-0.37786573,-0.94572324,0.0
0.020154146,-0.27998044,-0.45638679,-0.85955255,-0.37786573,-0.94572324,0.0
0.37145436,-0.44365372,-0.36622367,0.93919603,-0.37786573,1.0927906,0.0
-0.22951631,-0.38172329,-0.59163147,0.2818068,-0.37786573,0.38281492,0.0
0.17005805,-0.10745995,-0.32114211,-0.020727264,-0.37786573,1.0257543,0.0
-0.30336727,-0.41711211,-0.095734317,0.96155908,2.1256112,1.2603814,0.0
-0.78441482,-0.47019533,-0.59163147,-0.85955255,-0.37786573,-0.94572324,0.0
-0.78441482,-0.47019533,-0.59163147,-0.85955255,-0.37786573,-0.94572324,0.0
1.9661947,-0.13842517,-0.27606055,-0.85955255,-0.37786573,-0.94572324,0.0
-0.78441482,-0.47019533,-0.59163147,-0.85955255,-0.37786573,-0.94572324,0.0
1.032556,0.94978098,-0.32114211,-0.85955255,-0.37786573,-0.94572324,0.0
-0.78441482,-0.47019533,-0.59163147,-0.85955255,-0.37786573,-0.94572324,0.0
-0.78441482,-0.47019533,-0.59163147,-0.85955255,-0.37786573,-0.94572324,0.0
-0.78441482,-0.47019533,-0.59163147,-0.85955255,-0.37786573,-0.94572324,0.0
-0.78441482,-0.47019533,-0.59163147,-0.85955255,-0.37786573,-0.94572324,0.0
0.60808233,2.1883896,-0.32114211,-0.85955255,-0.37786573,-0.94572324,0.0
-0.78441482,-0.47019533,-0.59163147,-0.85955255,-0.37786573,-0.94572324,0.0
-0.78441482,-0.47019533,-0.59163147,-0.85955255,-0.37786573,-0.94572324,0.0
-0.22477359,-0.44365372,-0.41130523,-0.85955255,-0.37786573,-0.94572324,0.0
0.83403917,4.9708354,0.30999972,1.4919431,-0.37786573,0.46813388,0.0
-0.78441482,-0.47019533,-0.59163147,-0.85955255,-0.37786573,-0.94572324,0.0
-0.31945865,-0.42153571,-0.230979,0.71725333,2.8913554,0.91910555,0.0
0.031672186,-0.31536926,0.49032595,0.56577532,0.42808032,1.0135658,0.0
0.34943458,0.27739344,-0.230979,0.10121464,1.4336855,1.2542872,0.0
-0.78441482,-0.47019533,-0.59163147,-0.85955255,-0.37786573,-0.94572324,0.0
-0.78441482,-0.47019533,-0.59163147,-0.85955255,-0.37786573,-0.94572324,0.0
1.0024058,0.67994125,-0.095734317,1.4936309,-0.37786573,1.0836493,0.0
-0.13635569,-0.42153571,-0.095734317,0.76619887,2.3084455,0.98614188,0.0
-0.78441482,-0.47019533,-0.59163147,-0.85955255,-0.37786573,-0.94572324,0.0
-0.16853845,-0.42595931,0.2198366,0.45902341,0.65523213,1.3091351,0.0
-0.78441482,-0.47019533,-0.59163147,-0.85955255,-0.37786573,-0.94572324,0.0
-0.78441482,-0.47019533,-0.59163147,-0.85955255,-0.37786573,-0.94572324,0.0
-0.059455835,-0.45250093,0.58048907,-0.85955255,-0.37786573,-0.94572324,0.0
-0.78441482,-0.47019533,-0.59163147,-0.85955255,-0.37786573,-0.94572324,0.0
-0.025409864,-0.38172329,0.49032595,0.3818076,-0.37786573,1.1202145,0.0
-0.78441482,-0.47019533,-0.59163147,-0.85955255,-0.37786573,-0.94572324,0.0
0.29658711,0.16237979,-0.14081588,0.76324526,-0.37786573,1.1171674,0.0
-0.78441482,-0.47019533,-0.59163147,-0.85955255,-0.37786573,-0.94572324,0.0
1.5847444,0.27739344,-0.36622367,1.4058664,-0.37786573,1.2116277,0.0
0.73427262,1.9052791,-0.45638679,0.87759216,-0.37786573,0.6357247,0.0
-0.78441482,-0.47019533,-0.59163147,-0.85955255,-0.37786573,-0.94572324,0.0
0.93922598,4.3957671,-0.18589744,-0.85955255,-0.37786573,-0.94572324,0.0
0.4068554,1.0692182,0.17475504,0.83160023,-0.37786573,0.92519976,0.0
0.72715854,0.9807462,-0.0055711987,0.44974064,0.51872374,0.6326776,0.0
0.62451248,-0.45250093,-0.230979,-0.85955255,-0.37786573,-0.94572324,0.0
0.46054979,0.14910898,-0.0055711987,0.79531302,-0.37786573,1.3487475,0.0
-0.017957015,-0.43480652,-0.32114211,0.50121784,-0.37786573,1.3548417,0.0
-0.45818328,-0.39057049,0.2198366,1.2510129,-0.37786573,1.0623195,0.0
-0.080798086,-0.43480652,-0.50146835,-0.85955255,-0.37786573,-0.94572324,0.0
0.68413527,0.29951146,0.2198366,0.55016338,0.42439269,1.01966,0.0
0.41532455,3.5685535,1.6173649,0.50585923,-0.37786573,0.42242729,0.0
-0.085032659,-0.22247361,1.0763862,1.0725304,0.043545478,0.90387002,0.0
0.0050790648,-0.32421646,1.9780174,1.6172605,0.04881353,0.95871792,0.0
-0.14465545,-0.43038291,-0.32114211,0.89109438,-0.37786573,0.18780014,0.0
-0.52881596,-0.42595931,3.9165245,0.73877249,0.88379972,0.73323209,0.0
-0.29896331,-0.42595931,-0.0055711987,0.12906296,-0.37786573,1.2664756,0.0
0.29929723,0.46318474,1.0313047,0.61007947,0.071071048,0.88254028,0.0
0.035737377,-0.35075807,-0.14081588,0.66535418,-0.37786573,1.2573343,0.0
-0.17717698,-0.42595931,0.67065219,1.1193663,-0.37786573,1.4767259,0.0
-0.78441482,-0.47019533,-0.59163147,-0.85955255,-0.37786573,-0.94572324,0.0
5.5610089,-0.45250093,-0.45638679,-0.85955255,-0.37786573,-0.94572324,0.0
-0.198858,-0.42595931,0.67065219,0.44467731,-0.37786573,0.65705444,0.0
0.42836703,-0.18708479,0.08459192,-0.85955255,-0.37786573,-0.94572324,0.0
-0.78441482,-0.47019533,-0.59163147,-0.85955255,-0.37786573,-0.94572324,0.0
0.84403277,5.0637311,0.44524439,1.0775938,0.22397625,0.6875255,0.0
-0.054035581,-0.26670963,0.58048907,0.47336952,-0.37786573,1.3030409,0.0
0.065040626,-0.27555684,1.6173649,0.69995361,-0.37786573,1.479773,0.0
-0.78441482,-0.47019533,-0.59163147,-0.85955255,-0.37786573,-0.94572324,0.0
-0.13076605,-0.36845248,0.2198366,-0.16545416,0.62543471,1.0227071,0.0
0.2122344,-0.17823759,-0.095734317,1.5489056,0.72552769,1.220769,0.0
-0.78441482,-0.47019533,-0.59163147,-0.85955255,-0.37786573,-0.94572324,0.0
-0.78441482,-0.47019533,-0.59163147,-0.85955255,-0.37786573,-0.94572324,0.0
0.41007368,0.36586549,-0.41130523,1.1868773,-0.37786573,1.2055335,0.0
2.224165,3.1438877,-0.41130523,1.9573476,-0.37786573,0.93434108,0.0
1.3403248,-0.43038291,-0.0055711987,-0.85955255,-0.37786573,-0.94572324,0.0
-0.78441482,-0.47019533,-0.59163147,-0.85955255,-0.37786573,-0.94572324,0.0
-0.78441482,-0.47019533,-0.59163147,-0.85955255,-0.37786573,-0.94572324,0.0
0.27287349,-0.24016802,-0.0055711987,0.84425856,1.1588579,0.96481214,0.0
-0.78441482,-0.47019533,-0.59163147,-0.85955255,-0.37786573,-0.94572324,0.0
-0.24323633,-0.39057049,0.35508128,-0.85955255,-0.37786573,-0.94572324,0.0
-0.78441482,-0.47019533,-0.59163147,-0.85955255,-0.37786573,-0.94572324,0.0
0.10552315,-0.14284877,0.76081531,0.98476602,0.42412928,1.1384972,0.0
-0.3209831,-0.42595931,-0.0055711987,0.25142681,-0.37786573,1.4279722,0.0
2.0376743,1.3744468,-0.18589744,0.63286447,0.38616639,0.51384047,0.0
-0.013722442,-0.42595931,-0.18589744,-0.85955255,-0.37786573,-0.94572324,0.0
-0.063012877,-0.27998044,-0.0055711987,-0.85955255,-0.37786573,-0.94572324,0.0
2.2544845,-0.45250093,-0.50146835,-0.85955255,-0.37786573,-0.94572324,0.0
-0.78441482,-0.47019533,-0.59163147,-0.85955255,-0.37786573,-0.94572324,0.0
-0.78441482,-0.47019533,-0.59163147,-0.85955255,-0.37786573,-0.94572324,0.0
-0.78441482,-0.47019533,-0.59163147,-0.85955255,-0.37786573,-0.94572324,0.0
0.20291834,-0.22689721,0.53540751,1.1273832,0.22147392,1.708306,0.0
-0.78441482,-0.47019533,-0.59163147,-0.85955255,-0.37786573,-0.94572324,0.0
-0.028119992,-0.12957796,-0.32114211,0.37632233,2.7578762,0.98918898,0.0
-0.23967928,-0.45250093,-0.230979,-0.85955255,-0.37786573,-0.94572324,0.0
-0.78441482,-0.47019533,-0.59163147,-0.85955255,-0.37786573,-0.94572324,0.0
0.15328914,-0.12957796,0.40016284,1.7311855,-0.37786573,0.77893868,0.0
0.64043447,0.94535738,-0.0055711987,0.4083901,0.55609398,1.0013774,0.0
-0.78441482,-0.47019533,-0.59163147,-0.85955255,-0.37786573,-0.94572324,0.0
-0.78441482,-0.47019533,-0.59163147,-0.85955255,-0.37786573,-0.94572324,0.0
0.89417012,4.7983149,-0.18589744,0.35649095,-0.37786573,0.087245646,0.0
-0.78441482,-0.47019533,-0.59163147,-0.85955255,-0.37786573,-0.94572324,0.0
0.19817562,-0.44807732,0.26491816,-0.85955255,-0.37786573,-0.94572324,0.0
0.74833141,1.5690853,0.30999972,0.75354054,0.60716115,0.62658339,0.0
0.62959397,4.7142665,-0.45638679,0.71514361,-0.37786573,0.39805045,0.0
0.022356125,-0.38172329,-0.050652758,1.3067095,0.65829418,1.2146748,0.0
-0.23019384,-0.32864006,-0.36622367,0.46957202,-0.37786573,0.85511633,0.0
0.7146242,2.96252,0.08459192,0.55058533,0.74050871,0.80636263,0.0
-0.78441482,-0.47019533,-0.59163147,-0.85955255,-0.37786573,-0.94572324,0.0
0.48460217,-0.2136264,-0.095734317,1.3417309,0.37414864,1.1110732,0.0
0.069105816,-0.44807732,0.2198366,-0.85955255,-0.37786573,-0.94572324,0.0
0.085197196,-0.35075807,0.08459192,1.2231646,-0.37786573,1.1080261,0.0
-0.27067636,-0.35518168,0.62557063,1.2181012,0.21353892,1.2116277,0.0
0.29489328,-0.35075807,-0.18589744,-0.85955255,-0.37786573,-0.94572324,0.0
-0.78441482,-0.47019533,-0.59163147,-0.85955255,-0.37786573,-0.94572324,0.0
0.25644335,0.1844978,0.12967348,1.4835042,0.542858,1.0836493,0.0
0.10637006,-0.049953122,-0.230979,0.31134291,2.4959881,0.87035185,0.0
-0.17514438,-0.41711211,-0.32114211,-0.85955255,-0.37786573,-0.94572324,0.0
-0.78441482,-0.47019533,-0.59163147,-0.85955255,-0.37786573,-0.94572324,0.0
-0.36299006,-0.36402888,1.301794,0.49953007,-0.37786573,0.081151435,0.0
-0.23307335,-0.43923012,0.49032595,1.1615607,0.44490516,1.1232616,0.0
1.1084395,2.1530008,-0.41130523,1.3058656,2.99428,0.96785924,0.0
-0.25763388,-0.33748727,0.30999972,0.30923318,0.67689699,1.2420988,0.0
-0.78441482,-0.47019533,-0.59163147,-0.85955255,-0.37786573,-0.94572324,0.0
1.4746455,2.8784716,-0.230979,-0.85955255,-0.37786573,-0.94572324,0.0
0.0011832571,-0.35518168,0.30999972,0.71683138,-0.37786573,1.0653666,0.0
-0.78441482,-0.47019533,-0.59163147,-0.85955255,-0.37786573,-0.94572324,0.0
0.75019462,5.0416131,0.12967348,-0.85955255,-0.37786573,-0.94572324,0.0
0.99122654,-0.44365372,-0.27606055,-0.85955255,-0.37786573,-0.94572324,0.0
-0.21749012,-0.36845248,-0.32114211,0.57969948,2.7042408,1.01966,0.0
0.1754783,-0.45250093,0.89605999,-0.85955255,-0.37786573,-0.94572324,0.0
0.022864274,-0.29767485,-0.0055711987,0.044674103,-0.37786573,1.0348956,0.0
-0.41397433,-0.45250093,2.6091592,-0.11988418,-0.12091651,1.190298,0.0
-0.78441482,-0.47019533,-0.59163147,-0.85955255,-0.37786573,-0.94572324,0.0
-0.78441482,-0.47019533,-0.59163147,-0.85955255,-0.37786573,-0.94572324,0.0
-0.78441482,-0.47019533,-0.59163147,-0.85955255,-0.37786573,-0.94572324,0.0
0.94803389,0.67994125,0.039510361,2.1754929,-0.37786573,0.81245684,0.0
3.7613151,-0.44365372,-0.50146835,-0.85955255,-0.37786573,-0.94572324,0.0
-0.44124498,-0.3949941,0.12967348,-0.85955255,-0.37786573,-0.94572324,0.0
0.26728386,-0.22689721,-0.095734317,1.4062884,-0.37786573,1.1963922,0.0
-0.78441482,-0.47019533,-0.59163147,-0.85955255,-0.37786573,-0.94572324,0.0
-0.78441482,-0.47019533,-0.59163147,-0.85955255,-0.37786573,-0.94572324,0.0
-0.78441482,-0.47019533,-0.59163147,-0.85955255,-0.37786573,-0.94572324,0.0
-0.78441482,-0.47019533,-0.59163147,-0.85955255,-0.37786573,-0.94572324,0.0
-0.78441482,-0.47019533,-0.59163147,-0.85955255,-0.37786573,-0.94572324,0.0
-0.78441482,-0.47019533,-0.59163147,-0.85955255,-0.37786573,-0.94572324,0.0
0.30099106,0.46318474,0.039510361,1.3577648,1.3401118,0.76370315,0.0
-0.78441482,-0.47019533,-0.59163147,-0.85955255,-0.37786573,-0.94572324,0.0
-0.78441482,-0.47019533,-0.59163147,-0.85955255,-0.37786573,-0.94572324,0.0
0.12601848,-0.195932,0.08459192,0.91303549,-0.37786573,1.4767259,0.0
1.2295483,1.5646617,-0.32114211,1.3906764,1.2139749,1.1445914,0.0
-0.78441482,-0.47019533,-0.59163147,-0.85955255,-0.37786573,-0.94572324,0.0
-0.78441482,-0.47019533,-0.59163147,-0.85955255,-0.37786573,-0.94572324,0.0
-0.78441482,-0.47019533,-0.59163147,-0.85955255,-0.37786573,-0.94572324,0.0
0.55980819,1.0028642,-0.27606055,-0.85955255,-0.37786573,-0.94572324,0.0
-0.78441482,-0.47019533,-0.59163147,-0.85955255,-0.37786573,-0.94572324,0.0
-0.78441482,-0.47019533,-0.59163147,-0.85955255,-0.37786573,-0.94572324,0.0
-0.28287193,-0.24016802,-0.32114211,-0.85955255,-0.37786573,-0.94572324,0.0
-0.78441482,-0.47019533,-0.59163147,-0.85955255,-0.37786573,-0.94572324,0.0
-0.035742224,-0.42153571,0.2198366,-0.85955255,-0.37786573,-0.94572324,0.0
-0.11399714,-0.28882764,0.49032595,0.93919603,0.97473946,1.0379427,0.0
-0.2633929,-0.41268851,1.0763862,0.16914767,-0.37786573,1.4736788,0.0
-0.78441482,-0.47019533,-0.59163147,-0.85955255,-0.37786573,-0.94572324,0.0
1.3027218,2.2547436,-0.45638679,1.969584,2.2694619,1.2695227,0.0
-0.78441482,-0.47019533,-0.59163147,-0.85955255,-0.37786573,-0.94572324,0.0
-0.78441482,-0.47019533,-0.59163147,-0.85955255,-0.37786573,-0.94572324,0.0
1.0312009,0.95862819,-0.230979,-0.85955255,-0.37786573,-0.94572324,0.0
-0.33622756,-0.45250093,-0.18589744,1.4649386,-0.37786573,0.56564127,0.0
-0.78441482,-0.47019533,-0.59163147,-0.85955255,-0.37786573,-0.94572324,0.0
0.75307413,-0.44365372,-0.50146835,-0.85955255,-0.37786573,-0.94572324,0.0
0.33571456,0.62243442,-0.14081588,0.58054337,-0.37786573,0.81245684,0.0
1.2405582,1.7371822,-0.095734317,1.5273864,-0.37786573,1.0745079,0.0
-0.78441482,-0.47019533,-0.59163147,-0.85955255,-0.37786573,-0.94572324,0.0
0.098747831,-0.35960528,-0.32114211,-0.85955255,-0.37786573,-0.94572324,0.0
-0.78441482,-0.47019533,-0.59163147,-0.85955255,-0.37786573,-0.94572324,0.0
-0.78441482,-0.47019533,-0.59163147,-0.85955255,-0.37786573,-0.94572324,0.0
-0.78441482,-0.47019533,-0.59163147,-0.85955255,-0.37786573,-0.94572324,0.0
-0.33029916,-0.45250093,0.12967348,-0.85955255,-0.37786573,-0.94572324,0.0
0.041327014,-0.24016802,1.5722834,1.8687393,0.56307415,1.2999938,0.0
-0.78441482,-0.47019533,-0.59163147,-0.85955255,-0.37786573,-0.94572324,0.0
-0.35621475,-0.3994177,1.1214678,1.0877204,1.2326106,0.46203967,0.0
-0.32013618,-0.44807732,-0.36622367,0.12146797,-0.37786573,1.2390517,0.0
1.6533445,-0.45250093,-0.45638679,-0.85955255,-0.37786573,-0.94572324,0.0
-0.78441482,-0.47019533,-0.59163147,-0.85955255,-0.37786573,-0.94572324,0.0
1.0152789,5.0770019,-0.45638679,1.1463707,2.217407,0.62353628,0.0
0.52813358,-0.12515436,-0.095734317,1.6754888,-0.37786573,1.0013774,0.0
-0.78441482,-0.47019533,-0.59163147,-0.85955255,-0.37786573,-0.94572324,0.0
0.90365556,3.4756579,-0.050652758,1.234979,0.10346957,0.55345284,0.0
0.11450044,-0.16496678,0.08459192,0.80965913,0.41369196,1.4675846,0.0
-0.30014899,-0.4082649,2.3386699,1.0185216,-0.37786573,0.91605844,0.0
-0.54084215,-0.45250093,-0.59163147,0.029906053,-0.37786573,0.71799656,0.0
0.0081279577,-0.41711211,0.26491816,0.91514521,0.63419284,1.0318485,0.0
0.38652945,-0.39057049,-0.32114211,-0.85955255,-0.37786573,-0.94572324,0.0
-0.78441482,-0.47019533,-0.59163147,-0.85955255,-0.37786573,-0.94572324,0.0
1.2198935,0.44106673,-0.0055711987,1.3915203,-0.37786573,1.1537327,0.0
-0.78441482,-0.47019533,-0.59163147,-0.85955255,-0.37786573,-0.94572324,0.0
0.14058542,-0.36402888,-0.27606055,-0.85955255,-0.37786573,-0.94572324,0.0
-0.19208268,-0.45250093,-0.14081588,-0.85955255,-0.37786573,-0.94572324,0.0
-0.78441482,-0.47019533,-0.59163147,-0.85955255,-0.37786573,-0.94572324,0.0
-0.78441482,-0.47019533,-0.59163147,-0.85955255,-0.37786573,-0.94572324,0.0
0.11704119,-0.43038291,-0.41130523,-0.85955255,-0.37786573,-0.94572324,0.0
3.0167077,-0.44365372,-0.45638679,-0.85955255,-0.37786573,-0.94572324,0.0
0.033874165,-0.45250093,-0.14081588,-0.85955255,-0.37786573,-0.94572324,0.0
0.33740839,-0.25786243,1.0313047,0.88729688,-0.37786573,1.2390517,0.0
-0.78441482,-0.47019533,-0.59163147,-0.85955255,-0.37786573,-0.94572324,0.0
-0.78441482,-0.47019533,-0.59163147,-0.85955255,-0.37786573,-0.94572324,0.0
-0.12094184,-0.34633447,0.62557063,0.64636668,0.27211307,1.2390517,0.0
-0.78441482,-0.47019533,-0.59163147,-0.85955255,-0.37786573,-0.94572324,0.0
-0.17480562,-0.30652205,-0.14081588,-0.85955255,-0.37786573,-0.94572324,0.0
-0.58826938,-0.38172329,1.9329359,-0.85955255,-0.37786573,-0.94572324,0.0
0.25966162,-0.26670963,0.26491816,1.0434163,0.30833092,1.1720153,0.0
0.98140233,5.0770019,-0.0055711987,-0.85955255,-0.37786573,-0.94572324,0.0
-0.012197995,-0.37287609,-0.36622367,-0.85955255,-0.37786573,-0.94572324,0.0
-0.15397152,-0.37287609,0.08459192,1.5408886,-0.37786573,0.91605844,0.0
-0.51966928,-0.35075807,2.1583436,0.55142922,0.34738036,1.1781095,0.0
0.56302647,2.9492492,0.49032595,0.20965433,-0.37786573,0.0049737879,0.0
-0.78441482,-0.47019533,-0.59163147,-0.85955255,-0.37786573,-0.94572324,0.0
0.377044,-0.32421646,-0.36622367,-0.85955255,-0.37786573,-0.94572324,0.0
-0.78441482,-0.47019533,-0.59163147,-0.85955255,-0.37786573,-0.94572324,0.0
0.68921676,4.0330317,1.2567125,1.083501,-0.37786573,0.44985124,0.0
1.4856553,-0.45250093,-0.14081588,-0.85955255,-0.37786573,-0.94572324,0.0
-0.78441482,-0.47019533,-0.59163147,-0.85955255,-0.37786573,-0.94572324,0.0
0.17141311,-0.36845248,-0.18589744,0.73117749,-0.37786573,0.99223609,0.0
4.7908247,-0.42595931,-0.54654991,-0.85955255,-0.37786573,-0.94572324,0.0
0.0093136383,-0.29767485,-0.0055711987,1.6759108,-0.37786573,0.9434824,0.0
-0.027781226,-0.34191087,0.17475504,0.71345583,0.57275419,1.3091351,0.0
-0.78441482,-0.47019533,-0.59163147,-0.85955255,-0.37786573,-0.94572324,0.0
-0.78441482,-0.47019533,-0.59163147,-0.85955255,-0.37786573,-0.94572324,0.0
-0.78441482,-0.47019533,-0.59163147,-0.85955255,-0.37786573,-0.94572324,0.0
-0.054713113,-0.4082649,-0.050652758,1.9210604,-0.37786573,0.85816343,0.0
-0.78441482,-0.47019533,-0.59163147,-0.85955255,-0.37786573,-0.94572324,0.0
3.0116263,-0.45250093,-0.54654991,-0.85955255,-0.37786573,-0.94572324,0.0
0.21189563,-0.31979286,-0.18589744,-0.85955255,-0.37786573,-0.94572324,0.0
1.5235971,2.6749859,-0.36622367,0.83286607,1.3917057,0.67533708,0.0
0.92042447,2.2193548,0.039510361,1.2269621,0.4257097,0.96176503,0.0
-0.078426725,-0.26228603,-0.27606055,-0.85955255,-0.37786573,-0.94572324,0.0
1.3940192,4.9265994,-0.50146835,-0.85955255,-0.37786573,-0.94572324,0.0
-0.78441482,-0.47019533,-0.59163147,-0.85955255,-0.37786573,-0.94572324,0.0
0.92686103,-0.014564304,-0.41130523,0.96155908,2.1256112,0.75456183,0.0
0.20241019,-0.26228603,1.1665493,1.1662021,-0.37786573,1.6351754,0.0
0.20749168,0.77283689,0.35508128,1.2092404,0.42133063,0.86730475,0.0
0.29421574,0.21988661,-0.230979,-0.85955255,-0.37786573,-0.94572324,0.0
-0.06199658,-0.27998044,-0.050652758,-0.85955255,-0.37786573,-0.94572324,0.0
-0.78441482,-0.47019533,-0.59163147,-0.85955255,-0.37786573,-0.94572324,0.0
0.23459295,-0.14284877,0.17475504,0.40796815,0.97319197,1.1354501,0.0
0.098747831,0.193345,0.62557063,1.1273832,0.22147392,1.5315738,0.0
0.25745965,0.11814376,-0.18589744,1.0725304,0.85031466,0.87339896,0.0
0.17005805,-0.24016802,1.7526096,0.19235461,-0.37786573,1.162874,0.0
-0.31082012,-0.36402888,0.26491816,-0.85955255,-0.37786573,-0.94572324,0.0
0.26050854,-0.16054318,0.49032595,0.36028844,-0.37786573,1.0562253,0.0
-0.78441482,-0.47019533,-0.59163147,-0.85955255,-0.37786573,-0.94572324,0.0
-0.43040447,-0.45250093,-0.41130523,0.94088381,3.950168,0.59001811,0.0
0.37975413,1.728335,-0.32114211,0.18391572,-0.37786573,0.50774626,0.0
0.73715213,5.0327659,0.26491816,1.4721117,-0.37786573,0.31577859,0.0
-0.25509313,-0.43038291,-0.050652758,-0.85955255,-0.37786573,-0.94572324,0.0
0.57335883,0.51184436,-0.095734317,1.4181028,-0.37786573,1.6747878,0.0
0.4724066,0.87457975,0.039510361,-0.85955255,-0.37786573,-0.94572324,0.0
1.1541729,1.038253,-0.230979,1.0117705,-0.37786573,0.76370315,0.0
-0.17107919,-0.45250093,-0.27606055,-0.85955255,-0.37786573,-0.94572324,0.0
-0.78441482,-0.47019533,-0.59163147,-0.85955255,-0.37786573,-0.94572324,0.0
-0.10078527,-0.4038413,-0.230979,0.48771563,-0.37786573,1.4706317,0.0
0.32233331,-0.12073076,-0.32114211,-0.85955255,-0.37786573,-0.94572324,0.0
-0.78441482,-0.47019533,-0.59163147,-0.85955255,-0.37786573,-0.94572324,0.0
-0.78441482,-0.47019533,-0.59163147,-0.85955255,-0.37786573,-0.94572324,0.0
-0.13601692,-0.41268851,-0.36622367,0.14720657,-0.37786573,0.64181891,0.0
-0.78441482,-0.47019533,-0.59163147,-0.85955255,-0.37786573,-0.94572324,0.0
-0.78441482,-0.47019533,-0.59163147,-0.85955255,-0.37786573,-0.94572324,0.0
-0.13262927,-0.43923012,-0.050652758,-0.85955255,-0.37786573,-0.94572324,0.0
-0.042009393,-0.16054318,0.71573375,1.143839,0.55978161,0.9465295,0.0
-0.35147202,-0.44807732,0.40016284,0.55818032,-0.37786573,0.65400734,0.0
0.29235253,-0.45250093,0.039510361,-0.85955255,-0.37786573,-0.94572324,0.0
-0.19631725,-0.35518168,1.301794,-0.85955255,-0.37786573,-0.94572324,0.0
0.20088574,-0.195932,-0.095734317,1.2100843,-0.37786573,1.0501311,0.0
0.60079887,2.7811523,-0.41130523,1.1986918,-0.37786573,0.52602889,0.0
-0.78441482,-0.47019533,-0.59163147,-0.85955255,-0.37786573,-0.94572324,0.0
-0.78441482,-0.47019533,-0.59163147,-0.85955255,-0.37786573,-0.94572324,0.0
-0.17514438,-0.36845248,-0.14081588,-0.052795031,1.0909329,0.96481214,0.0
0.1397385,-0.28440404,-0.050652758,0.95776158,0.91020582,1.1750624,0.0
-0.52085496,-0.36845248,6.0804393,1.0805474,0.12645144,0.62353628,0.0
-0.17192611,-0.4082649,0.2198366,-0.85955255,-0.37786573,-0.94572324,0.0
0.26660632,0.11372016,0.44524439,0.83624162,-0.37786573,1.2756169,0.0
0.25441075,-0.018987906,0.26491816,1.151434,-0.37786573,1.0592724,0.0
0.30183798,-0.44365372,-0.32114211,0.54763172,2.6000651,1.0714608,0.0
-0.045397051,-0.34191087,-0.27606055,0.050581324,-0.37786573,0.72713788,0.0
0.80626037,2.3520629,0.35508128,-0.85955255,-0.37786573,-0.94572324,0.0
0.21579144,-0.19150839,-0.18589744,-0.85955255,-0.37786573,-0.94572324,0.0
-0.78441482,-0.47019533,-0.59163147,-0.85955255,-0.37786573,-0.94572324,0.0
-0.032862714,-0.30209845,1.0763862,0.41978259,0.37273286,0.76675026,0.0
1.2664738,3.4535399,-0.41130523,1.356077,-0.37786573,0.54126442,0.0
-0.15431028,-0.4038413,0.17475504,0.61429892,0.1855524,0.43461572,0.0
0.75222721,0.7861077,0.12967348,1.0543868,0.6832845,1.2390517,0.0
-0.30218159,-0.3949941,-0.095734317,0.41640704,1.5996292,0.88254028,0.0
-0.14330039,-0.43480652,-0.18589744,0.8045958,-0.37786573,1.5224325,0.0
2.1096621,0.193345,-0.18589744,-0.85955255,-0.37786573,-0.94572324,0.0
-0.78441482,-0.47019533,-0.59163147,-0.85955255,-0.37786573,-0.94572324,0.0
-0.78441482,-0.47019533,-0.59163147,-0.85955255,-0.37786573,-0.94572324,0.0
-0.27609662,-0.43038291,0.08459192,-0.85955255,-0.37786573,-0.94572324,0.0
-0.067924982,-0.24901522,0.98622311,1.083501,1.1989609,1.1354501,0.0
-0.78441482,-0.47019533,-0.59163147,-0.85955255,-0.37786573,-0.94572324,0.0
-0.39483406,-0.45250093,0.26491816,-0.85955255,-0.37786573,-0.94572324,0.0
0.41769591,-0.32421646,-0.095734317,-0.85955255,-0.37786573,-0.94572324,0.0
-0.78441482,-0.47019533,-0.59163147,-0.85955255,-0.37786573,-0.94572324,0.0
-0.12128061,-0.37729969,0.44524439,0.88096772,0.3820178,1.1689682,0.0
-0.78441482,-0.47019533,-0.59163147,-0.85955255,-0.37786573,-0.94572324,0.0
0.3006523,-0.21805001,-0.27606055,0.3674615,-0.37786573,0.8947287,0.0
-0.45208549,-0.43923012,2.6091592,0.11345103,-0.12144331,1.2420988,0.0
0.43514235,1.1134543,0.40016284,-0.85955255,-0.37786573,-0.94572324,0.0
0.49730589,0.68436485,-0.41130523,-0.85955255,-0.37786573,-0.94572324,0.0
0.41244504,-0.058800326,-0.41130523,1.1978479,-0.37786573,1.2542872,0.0
-0.78441482,-0.47019533,-0.59163147,-0.85955255,-0.37786573,-0.94572324,0.0
-0.78441482,-0.47019533,-0.59163147,-0.85955255,-0.37786573,-0.94572324,0.0
-0.78441482,-0.47019533,-0.59163147,-0.85955255,-0.37786573,-0.94572324,0.0
0.48104513,2.2857089,0.49032595,2.2733839,-0.37786573,1.1781095,0.0
-0.10214034,-0.44365372,0.53540751,0.52358089,0.43848473,0.92215265,0.0
0.38415809,-0.067647531,1.1665493,0.28349458,0.055793698,1.1354501,0.0
-0.44327758,-0.45250093,0.30999972,0.87084106,2.4767598,0.90082291,0.0
-0.78441482,-0.47019533,-0.59163147,-0.85955255,-0.37786573,-0.94572324,0.0
-0.031677033,-0.35960528,1.9780174,0.51472006,0.4461234,0.94957661,0.0
-0.30438357,-0.34633447,1.2567125,0.14889435,0.038837157,1.248193,0.0
-0.78441482,-0.47019533,-0.59163147,-0.85955255,-0.37786573,-0.94572324,0.0
0.4197285,0.37028909,0.44524439,1.1484804,-0.37786573,0.95262371,0.0
0.0071116601,-0.34633447,0.89605999,1.8860391,-0.37786573,0.9434824,0.0
-0.78441482,-0.47019533,-0.59163147,-0.85955255,-0.37786573,-0.94572324,0.0
0.025066252,0.025248116,-0.18589744,-0.85955255,-0.37786573,-0.94572324,0.0
-0.78441482,-0.47019533,-0.59163147,-0.85955255,-0.37786573,-0.94572324,0.0
-0.054374347,-0.31536926,0.85097843,0.77716942,0.60218943,1.1537327,0.0
0.38720698,0.16237979,-0.45638679,-0.85955255,-0.37786573,-0.94572324,0.0
0.056232713,-0.44807732,-0.32114211,1.1674679,-0.37786573,1.01966,0.0
-0.38314663,-0.44365372,0.89605999,-0.85955255,-0.37786573,-0.94572324,0.0
0.86537502,0.91881577,-0.14081588,0.59573337,0.69599367,0.4285215,0.0
-0.0083021875,-0.22247361,1.0313047,-0.048153644,0.44457591,0.51688757,0.0
-0.53796264,-0.35518168,1.1214678,0.23708071,0.58638528,0.8916816,0.0
0.095529555,0.20661581,1.2116309,0.40417065,-0.37786573,0.88254028,0.0
-0.78441482,-0.47019533,-0.59163147,-0.85955255,-0.37786573,-0.94572324,0.0
-0.25051979,-0.4082649,-0.14081588,1.0514332,-0.37786573,1.2116277,0.0
-0.78441482,-0.47019533,-0.59163147,-0.85955255,-0.37786573,-0.94572324,0.0
0.56065511,2.4316877,0.08459192,1.689835,-0.37786573,1.0288014,0.0
-0.43328398,-0.42153571,1.7526096,-0.30300801,-0.37786573,0.95871792,0.0
-0.37112045,-0.44365372,-0.14081588,-0.85955255,-0.37786573,-0.94572324,0.0
0.71038963,0.7905313,-0.41130523,-0.85955255,-0.37786573,-0.94572324,0.0
0.31488046,0.3968307,-0.32114211,1.666628,-0.37786573,1.0745079,0.0
0.34147358,-0.36845248,-0.14081588,-0.85955255,-0.37786573,-0.94572324,0.0
0.24187642,-0.24016802,-0.095734317,-0.85955255,-0.37786573,-0.94572324,0.0
-0.78441482,-0.47019533,-0.59163147,-0.85955255,-0.37786573,-0.94572324,0.0
0.79135467,0.66224684,0.2198366,1.8434227,0.54410916,1.3700772,0.0
0.60554159,4.2807535,-0.230979,-0.85955255,-0.37786573,-0.94572324,0.0
0.24052135,0.86573254,-0.32114211,0.10585603,-0.37786573,0.18780014,0.0
-0.0072858899,-0.27555684,0.30999972,1.2856123,0.38231412,0.97700056,0.0
0.70700197,0.029671718,-0.230979,0.88687494,-0.37786573,0.95871792,0.0
1.6050703,1.5779325,-0.14081588,1.674645,-0.37786573,0.72104367,0.0
0.45411324,0.31720586,0.30999972,-0.85955255,-0.37786573,-0.94572324,0.0
-0.023546652,0.09160215,0.58048907,0.94763492,0.083187567,1.0105187,0.0
1.0455985,0.038518923,-0.41130523,0.83666357,2.8835521,1.1080261,0.0
-0.05047854,0.29951146,-0.095734317,-0.20638276,-0.37786573,0.6357247,0.0
0.24441716,-0.44807732,0.12967348,1.1197882,-0.37786573,0.9434824,0.0
0.063854945,-0.30209845,-0.36622367,1.4408878,-0.37786573,1.0653666,0.0
-0.2971001,-0.44365372,0.71573375,0.33159623,0.62355796,1.0348956,0.0
-0.78441482,-0.47019533,-0.59163147,-0.85955255,-0.37786573,-0.94572324,0.0
-0.21206986,-0.39057049,1.2116309,0.4560698,0.10060506,1.0105187,0.0
-0.78441482,-0.47019533,-0.59163147,-0.85955255,-0.37786573,-0.94572324,0.0
0.4127838,0.047366127,0.2198366,-0.85955255,-0.37786573,-0.94572324,0.0
0.27592239,0.25085183,0.17475504,-0.44604713,2.5397459,0.44680414,0.0
-0.17768513,-0.4082649,0.039510361,1.5278083,-0.37786573,0.95871792,0.0
0.14719135,-0.12073076,-0.45638679,0.7712622,-0.37786573,1.1506856,0.0
-0.17107919,-0.43923012,-0.230979,-0.85955255,-0.37786573,-0.94572324,0.0
-0.49900457,-0.44365372,1.0313047,0.68096612,-0.37786573,0.57478259,0.0
-0.37145921,-0.45250093,0.35508128,-0.85955255,-0.37786573,-0.94572324,0.0
-0.78441482,-0.47019533,-0.59163147,-0.85955255,-0.37786573,-0.94572324,0.0
0.21443638,0.016400912,0.40016284,1.0100827,0.85736068,1.0348956,0.0
0.27812436,0.13141457,-0.36622367,-0.85955255,-0.37786573,-0.94572324,0.0
-0.22850001,-0.32864006,0.17475504,0.78054497,0.61908012,1.2177219,0.0
-0.78441482,-0.47019533,-0.59163147,-0.85955255,-0.37786573,-0.94572324,0.0
-0.78441482,-0.47019533,-0.59163147,-0.85955255,-0.37786573,-0.94572324,0.0
-0.25001164,-0.43038291,-0.0055711987,0.47801091,-0.37786573,1.1963922,0.0
-0.1124727,-0.41268851,-0.27606055,0.52569061,-0.37786573,1.6473639,0.0
-0.27050698,-0.44807732,0.44524439,0.71767527,-0.37786573,1.8911323,0.0
-0.18175032,-0.15611958,2.023099,0.72569221,-0.37786573,1.1232616,0.0
-0.78441482,-0.47019533,-0.59163147,-0.85955255,-0.37786573,-0.94572324,0.0
0.020662295,-0.45250093,-0.27606055,-0.85955255,-0.37786573,-0.94572324,0.0
0.030317123,-0.38614689,0.35508128,-0.85955255,-0.37786573,-0.94572324,0.0
0.82760262,1.2196207,-0.095734317,1.5088208,0.49985753,1.1720153,0.0
0.61163937,3.2146653,-0.18589744,-0.85955255,-0.37786573,-0.94572324,0.0
0.20935489,0.047366127,-0.095734317,0.4969984,-0.37786573,0.92215265,0.0
2.1376103,2.96252,-0.230979,0.54045866,0.4153053,0.27921332,0.0
0.26457373,-0.12957796,0.71573375,0.51218839,-0.37786573,0.96176503,0.0
-0.78441482,-0.47019533,-0.59163147,-0.85955255,-0.37786573,-0.94572324,0.0
-0.29659195,-0.37729969,1.1214678,0.79784469,1.6507951,0.64791313,0.0
-0.32928286,-0.36402888,0.62557063,0.31935985,-0.37786573,1.0897435,0.0
0.15328914,-0.072071133,2.9698117,0.33665956,-0.37786573,0.90996423,0.0
0.11839625,-0.24016802,-0.050652758,1.0864546,0.95215269,1.0653666,0.0
-0.35096388,-0.42595931,0.49032595,-0.013976155,-0.37786573,0.83683369,0.0
0.82811077,5.0371895,0.49032595,-0.85955255,-0.37786573,-0.94572324,0.0
0.49459576,-0.13400156,0.58048907,-0.85955255,-0.37786573,-0.94572324,0.0
-0.78441482,-0.47019533,-0.59163147,-0.85955255,-0.37786573,-0.94572324,0.0
0.98648382,4.3559547,-0.45638679,1.356499,-0.37786573,0.24874226,0.0
-0.17988711,-0.36845248,-0.0055711987,-0.85955255,-0.37786573,-0.94572324,0.0
1.0328947,1.0426766,-0.27606055,1.2860343,-0.37786573,1.2512401,0.0
0.04166578,-0.30652205,0.85097843,0.63328641,0.28495394,1.1811567,0.0
0.54168422,0.72417727,0.17475504,0.40332676,0.22960648,0.91301134,0.0
0.19715932,-0.23574442,0.26491816,-0.85955255,-0.37786573,-0.94572324,0.0
0.41430825,0.66224684,-0.230979,0.62737919,-0.37786573,0.31882569,0.0
-0.78441482,-0.47019533,-0.59163147,-0.85955255,-0.37786573,-0.94572324,0.0
0.59571738,0.52069157,-0.36622367,-0.85955255,-0.37786573,-0.94572324,0.0
-0.78441482,-0.47019533,-0.59163147,-0.85955255,-0.37786573,-0.94572324,0.0
3.1054644,-0.44807732,-0.54654991,-0.85955255,-0.37786573,-0.94572324,0.0
0.32199455,0.16680339,-0.27606055,0.35438122,-0.37786573,0.83683369,0.0
-0.78441482,-0.47019533,-0.59163147,-0.85955255,-0.37786573,-0.94572324,0.0
-0.78441482,-0.47019533,-0.59163147,-0.85955255,-0.37786573,-0.94572324,0.0
0.53982101,1.3080928,-0.27606055,1.0168338,0.78541885,0.90691713,0.0
0.51000961,1.1134543,-0.18589744,-0.85955255,-0.37786573,-0.94572324,0.0
-0.78441482,-0.47019533,-0.59163147,-0.85955255,-0.37786573,-0.94572324,0.0
-0.78441482,-0.47019533,-0.59163147,-0.85955255,-0.37786573,-0.94572324,0.0
0.18496375,0.12256737,0.039510361,0.10585603,-0.37786573,1.1080261,0.0
1.4555052,1.2903984,-0.18589744,-0.85955255,-0.37786573,-0.94572324,0.0
-0.78441482,-0.47019533,-0.59163147,-0.85955255,-0.37786573,-0.94572324,0.0
0.62400433,-0.023411508,-0.45638679,1.4691581,-0.37786573,0.88558738,0.0
0.12195329,-0.28440404,0.08459192,1.1974259,0.43904446,1.4279722,0.0
0.37873783,0.60916361,-0.14081588,1.0543868,0.49478703,1.5041499,0.0
-0.78441482,-0.47019533,-0.59163147,-0.85955255,-0.37786573,-0.94572324,0.0
0.053691969,-0.29325125,-0.18589744,1.121054,0.82492924,1.1994393,0.0
-0.034217777,-0.24016802,2.3386699,0.54847561,-0.37786573,1.1750624,0.0
0.14888518,-0.22689721,-0.230979,0.89193827,1.6549437,1.4249251,0.0
0.97530455,1.7681474,-0.27606055,-0.85955255,-0.37786573,-0.94572324,0.0
0.67939255,0.17122699,-0.36622367,-0.85955255,-0.37786573,-0.94572324,0.0
0.25271692,-0.18708479,0.039510361,1.1168346,0.35037656,1.537668,0.0
0.77441638,0.36144189,-0.45638679,0.3417229,3.4297503,0.84597501,0.0
-0.78441482,-0.47019533,-0.59163147,-0.85955255,-0.37786573,-0.94572324,0.0
-0.78441482,-0.47019533,-0.59163147,-0.85955255,-0.37786573,-0.94572324,0.0
-0.25289115,-0.37287609,1.1665493,0.356069,-0.0057437303,1.4005483,0.0
-0.78441482,-0.47019533,-0.59163147,-0.85955255,-0.37786573,-0.94572324,0.0
-0.78441482,-0.47019533,-0.59163147,-0.85955255,-0.37786573,-0.94572324,0.0
-0.78441482,-0.47019533,-0.59163147,-0.85955255,-0.37786573,-0.94572324,0.0
0.28388338,1.2373151,1.1665493,0.92906937,-0.15594905,0.88254028,0.0
0.82743324,2.5157362,-0.14081588,1.9514404,-0.37786573,1.0775551,0.0
-0.21427184,-0.3949941,-0.230979,0.95944936,-0.37786573,1.3487475,0.0
-0.16379573,-0.43038291,-0.230979,-0.85955255,-0.37786573,-0.94572324,0.0
0.61011493,0.7905313,-0.32114211,0.71683138,-0.37786573,0.73018498,0.0
0.15481358,-0.27555684,-0.230979,1.3041779,-0.37786573,0.99223609,0.0
-0.0389605,-0.38172329,0.53540751,1.1218979,-0.37786573,0.70580814,0.0
-0.78441482,-0.47019533,-0.59163147,-0.85955255,-0.37786573,-0.94572324,0.0
0.87621553,4.5948292,-0.18589744,0.39151232,-0.37786573,0.4803223,0.0
-0.78441482,-0.47019533,-0.59163147,-0.85955255,-0.37786573,-0.94572324,0.0
-0.78441482,-0.47019533,-0.59163147,-0.85955255,-0.37786573,-0.94572324,0.0
-0.78441482,-0.47019533,-0.59163147,-0.85955255,-0.37786573,-0.94572324,0.0
-0.2246042,-0.43923012,1.1665493,-0.85955255,-0.37786573,-0.94572324,0.0
0.70564691,1.7681474,-0.41130523,-0.85955255,-0.37786573,-0.94572324,0.0
-0.10908504,0.16237979,1.2567125,-0.10849168,-0.37786573,0.84902211,0.0
-0.40702963,-0.41711211,0.26491816,0.62611336,2.0527145,0.99223609,0.0
-0.78441482,-0.47019533,-0.59163147,-0.85955255,-0.37786573,-0.94572324,0.0
-0.070296344,-0.076494735,1.5272018,0.70797055,-0.37786573,1.4432078,0.0
-0.78441482,-0.47019533,-0.59163147,-0.85955255,-0.37786573,-0.94572324,0.0
-0.78441482,-0.47019533,-0.59163147,-0.85955255,-0.37786573,-0.94572324,0.0
-0.17107919,-0.42153571,-0.050652758,1.4531242,-0.37786573,0.71799656,0.0
0.073171007,0.28181705,0.67065219,0.002901617,-0.37786573,1.220769,0.0
-0.78441482,-0.47019533,-0.59163147,-0.85955255,-0.37786573,-0.94572324,0.0
-0.78441482,-0.47019533,-0.59163147,-0.85955255,-0.37786573,-0.94572324,0.0
-0.78441482,-0.47019533,-0.59163147,-0.85955255,-0.37786573,-0.94572324,0.0
-0.78441482,-0.47019533,-0.59163147,-0.85955255,-0.37786573,-0.94572324,0.0
-0.78441482,-0.47019533,-0.59163147,-0.85955255,-0.37786573,-0.94572324,0.0
0.022017359,0.060636934,0.53540751,0.55860227,-0.37786573,1.2756169,0.0
0.31640491,0.83476733,-0.32114211,-0.85955255,-0.37786573,-0.94572324,0.0
-0.78441482,-0.47019533,-0.59163147,-0.85955255,-0.37786573,-0.94572324,0.0
-0.30861814,-0.45250093,0.40016284,-0.85955255,-0.37786573,-0.94572324,0.0
-0.1610856,-0.15169597,2.6542408,0.79953247,-0.37786573,0.52298179,0.0
0.13939974,-0.27555684,0.08459192,1.0096607,1.4009578,1.0927906,0.0
-0.29997961,-0.43038291,0.62557063,0.90712827,-0.37786573,1.1567798,0.0
-0.78441482,-0.47019533,-0.59163147,-0.85955255,-0.37786573,-0.94572324,0.0
0.36959115,0.40125431,-0.095734317,0.82442718,1.3128167,0.80636263,0.0
-0.78441482,-0.47019533,-0.59163147,-0.85955255,-0.37786573,-0.94572324,0.0
0.52948865,0.45876114,0.08459192,-0.85955255,-0.37786573,-0.94572324,0.0
-0.035064692,-0.31536926,1.0763862,1.8324521,0.33289321,1.1689682,0.0
-0.056576325,1.1665375,1.8427727,0.13918963,-0.37786573,0.69057261,0.0
-0.27355587,-0.3949941,0.53540751,1.0995349,0.96835195,0.82464527,0.0
-0.16430388,-0.058800326,2.0681805,1.2244304,0.23141737,1.1171674,0.0
0.24932926,-0.24459162,-0.27606055,0.2969968,-0.37786573,0.96785924,0.0
-0.78441482,-0.47019533,-0.59163147,-0.85955255,-0.37786573,-0.94572324,0.0
-0.12991914,-0.3949941,0.26491816,0.8265369,0.76875864,1.2299103,0.0
0.033704782,-0.24459162,-0.230979,0.50796895,-0.37786573,1.104979,0.0
0.07046088,-0.32864006,-0.18589744,0.7455236,-0.37786573,1.2908525,0.0
-0.78441482,-0.47019533,-0.59163147,-0.85955255,-0.37786573,-0.94572324,0.0
-0.40093184,-0.43923012,1.0313047,0.91936465,0.14656881,0.95262371,0.0
-0.78441482,-0.47019533,-0.59163147,-0.85955255,-0.37786573,-0.94572324,0.0
3.7547092,-0.45250093,-0.45638679,-0.85955255,-0.37786573,-0.94572324,0.0
-0.34452732,-0.45250093,-0.050652758,1.1860335,-0.37786573,0.5808768,0.0
-0.78441482,-0.47019533,-0.59163147,-0.85955255,-0.37786573,-0.94572324,0.0
-0.78441482,-0.47019533,-0.59163147,-0.85955255,-0.37786573,-0.94572324,0.0
-0.26508673,-0.44365372,-0.050652758,0.1712574,0.58638528,0.8947287,0.0
0.04285146,-0.14284877,1.301794,0.84214884,-0.37786573,1.3243706,0.0
7.5026455,-0.44365372,-0.50146835,-0.85955255,-0.37786573,-0.94572324,0.0
-0.1253458,-0.31094565,-0.18589744,0.14172129,-0.37786573,1.1080261,0.0
-0.78441482,-0.47019533,-0.59163147,-0.85955255,-0.37786573,-0.94572324,0.0
0.44767669,0.025248116,-0.230979,-0.85955255,-0.37786573,-0.94572324,0.0
-0.53288115,-0.44807732,0.89605999,0.11218519,1.2351129,1.2360046,0.0
-0.15160016,-0.45250093,-0.14081588,-0.85955255,-0.37786573,-0.94572324,0.0
0.37772153,-0.33748727,-0.14081588,-0.85955255,-0.37786573,-0.94572324,0.0
1.5020855,4.9929534,-0.41130523,2.0586143,-0.37786573,0.49251073,0.0
0.01575019,-0.43038291,-0.41130523,0.015138002,-0.37786573,0.84902211,0.0
-0.78441482,-0.47019533,-0.59163147,-0.85955255,-0.37786573,-0.94572324,0.0
0.5984275,-0.45250093,-0.50146835,-0.85955255,-0.37786573,-0.94572324,0.0
0.045222822,-0.37729969,-0.0055711987,0.12948491,-0.37786573,1.1110732,0.0
-0.78441482,-0.47019533,-0.59163147,-0.85955255,-0.37786573,-0.94572324,0.0
0.14803827,-0.28882764,-0.14081588,-0.85955255,-0.37786573,-0.94572324,0.0
-0.78441482,-0.47019533,-0.59163147,-0.85955255,-0.37786573,-0.94572324,0.0
-0.78441482,-0.47019533,-0.59163147,-0.85955255,-0.37786573,-0.94572324,0.0
-0.30184282,-0.24016802,0.40016284,-0.85955255,-0.37786573,-0.94572324,0.0
-0.78441482,-0.47019533,-0.59163147,-0.85955255,-0.37786573,-0.94572324,0.0
0.54337805,0.49414995,0.039510361,-0.85955255,-0.37786573,-0.94572324,0.0
-0.78441482,-0.47019533,-0.59163147,-0.85955255,-0.37786573,-0.94572324,0.0
0.18767387,0.016400912,0.85097843,0.68096612,-0.37786573,1.2451459,0.0
-0.19563972,-0.4082649,-0.14081588,-0.85955255,-0.37786573,-0.94572324,0.0
-0.78441482,-0.47019533,-0.59163147,-0.85955255,-0.37786573,-0.94572324,0.0
0.1029824,-0.43923012,-0.36622367,-0.85955255,-0.37786573,-0.94572324,0.0
-0.16294881,-0.43923012,-0.32114211,-0.85955255,-0.37786573,-0.94572324,0.0
0.055385798,-0.19150839,-0.230979,0.60628198,-0.37786573,1.1933451,0.0
0.12635725,-0.27998044,0.71573375,-0.85955255,-0.37786573,-0.94572324,0.0
-0.78441482,-0.47019533,-0.59163147,-0.85955255,-0.37786573,-0.94572324,0.0
0.35908941,-0.29325125,-0.45638679,0.61134531,-0.37786573,1.1537327,0.0
1.6475854,1.3965648,0.17475504,2.0024957,0.22907967,0.95567082,0.0
-0.78441482,-0.47019533,-0.59163147,-0.85955255,-0.37786573,-0.94572324,0.0
0.024049954,-0.24459162,0.17475504,1.3936301,-0.37786573,0.90082291,0.0
0.40431466,-0.15611958,-0.0055711987,-0.85955255,-0.37786573,-0.94572324,0.0
-0.12907222,-0.38172329,1.4370387,0.036657162,0.63600374,1.2146748,0.0
-0.1451636,0.056213332,0.2198366,1.174641,-0.37786573,1.1811567,0.0
0.19343289,-0.10303635,0.67065219,0.65100807,-0.37786573,1.0257543,0.0
0.33503703,-0.21805001,-0.0055711987,0.47252563,0.55513914,1.1263087,0.0
-0.78441482,-0.47019533,-0.59163147,-0.85955255,-0.37786573,-0.94572324,0.0
1.1169087,1.9716331,-0.50146835,1.674223,-0.37786573,1.01966,0.0
0.29336883,0.025248116,0.80589687,0.40923398,0.37273286,1.0562253,0.0
1.876083,-0.45250093,-0.41130523,-0.85955255,-0.37786573,-0.94572324,0.0
-0.78441482,-0.47019533,-0.59163147,-0.85955255,-0.37786573,-0.94572324,0.0
-0.78441482,-0.47019533,-0.59163147,-0.85955255,-0.37786573,-0.94572324,0.0
-0.2832107,-0.41711211,1.1214678,1.1185224,-0.37786573,0.82464527,0.0
0.073171007,-0.21805001,0.08459192,0.98940741,-0.37786573,1.1019319,0.0
-0.18141155,-0.38172329,0.44524439,0.017669668,1.0111219,1.479773,0.0
0.025913166,-0.023411508,2.6542408,1.0560746,0.0068995937,0.79417421,0.0
-0.78441482,-0.47019533,-0.59163147,-0.85955255,-0.37786573,-0.94572324,0.0
1.8825196,4.3603783,-0.45638679,-0.85955255,-0.37786573,-0.94572324,0.0
-0.78441482,-0.47019533,-0.59163147,-0.85955255,-0.37786573,-0.94572324,0.0
-0.78441482,-0.47019533,-0.59163147,-0.85955255,-0.37786573,-0.94572324,0.0
-0.78441482,-0.47019533,-0.59163147,-0.85955255,-0.37786573,-0.94572324,0.0
6.533267,-0.43480652,-0.50146835,-0.85955255,-0.37786573,-0.94572324,0.0
0.30691946,-0.27113323,-0.41130523,-0.85955255,-0.37786573,-0.94572324,0.0
-0.0018656358,0.025248116,0.17475504,0.91641104,0.7316518,1.2451459,0.0
-0.36332883,-0.44365372,0.17475504,1.3071315,-0.37786573,0.23045962,0.0
-0.31590161,-0.44807732,-0.050652758,-0.85955255,-0.37786573,-0.94572324,0.0
0.77695712,2.940402,1.0313047,1.7548144,-0.37786573,0.34320254,0.0
1.2698615,1.038253,-0.230979,0.94088381,-0.37786573,0.90691713,0.0
-0.78441482,-0.47019533,-0.59163147,-0.85955255,-0.37786573,-0.94572324,0.0
-0.78441482,-0.47019533,-0.59163147,-0.85955255,-0.37786573,-0.94572324,0.0
-0.36214315,-0.33748727,1.0763862,0.052269101,-0.37786573,0.8947287,0.0
-0.44056745,-0.42595931,2.1132621,0.25564626,0.2187082,0.62963049,0.0
0.59300725,-0.08534194,-0.230979,1.5392008,2.5001367,1.4188309,0.0
0.36874424,-0.10303635,-0.41130523,-0.85955255,-0.37786573,-0.94572324,0.0
-0.12094184,-0.38614689,0.44524439,-0.85955255,-0.37786573,-0.94572324,0.0
0.25102309,0.65782324,0.30999972,0.67674667,0.63932919,0.80026842,0.0
0.79541986,-0.45250093,-0.50146835,-0.85955255,-0.37786573,-0.94572324,0.0
0.7891527,0.49414995,-0.36622367,1.2467934,-0.37786573,0.88558738,0.0
2.883234,-0.44365372,-0.54654991,-0.85955255,-0.37786573,-0.94572324,0.0
-0.78441482,-0.47019533,-0.59163147,-0.85955255,-0.37786573,-0.94572324,0.0
0.22104231,-0.13842517,0.44524439,0.048893546,0.33062137,1.3182764,0.0
1.7392216,-0.45250093,-0.50146835,-0.85955255,-0.37786573,-0.94572324,0.0
-0.1968254,-0.4082649,0.26491816,-0.85955255,-0.37786573,-0.94572324,0.0
-0.78441482,-0.47019533,-0.59163147,-0.85955255,-0.37786573,-0.94572324,0.0
-0.33605818,-0.45250093,0.17475504,-0.85955255,-0.37786573,-0.94572324,0.0
0.39076402,0.24642823,-0.32114211,-0.85955255,-0.37786573,-0.94572324,0.0
0.1407548,-0.16939038,0.039510361,0.41049982,-0.37786573,1.1781095,0.0
0.75307413,1.6398629,-0.45638679,1.3467942,2.3684354,0.85206922,0.0
-0.21190048,-0.44365372,-0.36622367,-0.85955255,-0.37786573,-0.94572324,0.0
0.32707603,-0.22247361,-0.41130523,1.5012258,-0.37786573,1.4371135,0.0
0.0071116601,-0.43480652,-0.41130523,-0.85955255,-0.37786573,-0.94572324,0.0
-0.31861173,-0.44365372,-0.18589744,-0.85955255,-0.37786573,-0.94572324,0.0
-0.78441482,-0.47019533,-0.59163147,-0.85955255,-0.37786573,-0.94572324,0.0
-0.26457858,-0.3994177,1.6173649,-0.068828915,0.12144679,1.0806022,0.0
-0.78441482,-0.47019533,-0.59163147,-0.85955255,-0.37786573,-0.94572324,0.0
-0.051494837,-0.35960528,-0.095734317,-0.85955255,-0.37786573,-0.94572324,0.0
1.664185,4.0507262,-0.36622367,1.6096655,-0.37786573,0.67838418,0.0
-0.78441482,-0.47019533,-0.59163147,-0.85955255,-0.37786573,-0.94572324,0.0
-0.22036963,-0.44807732,0.71573375,1.2843465,-0.37786573,0.70276103,0.0
0.24238456,-0.29767485,0.58048907,0.55142922,0.096291845,1.1080261,0.0
1.7592088,2.4184169,-0.41130523,0.9970024,1.5465535,0.74542051,0.0
1.423153,2.0645287,-0.45638679,1.2248523,1.1905649,0.52602889,0.0
-0.16040807,-0.35075807,-0.27606055,0.96873213,4.1331998,1.0044245,0.0
-0.78441482,-0.47019533,-0.59163147,-0.85955255,-0.37786573,-0.94572324,0.0
0.75087215,1.838925,-0.36622367,-0.85955255,-0.37786573,-0.94572324,0.0
-0.28338008,-0.35960528,0.53540751,0.60332837,0.85031466,0.93434108,0.0
-0.12314382,-0.44807732,1.5272018,0.76577692,-0.37786573,1.6168928,0.0
-0.78441482,-0.47019533,-0.59163147,-0.85955255,-0.37786573,-0.94572324,0.0
-0.15685103,-0.34191087,2.7894855,0.050159379,0.51460807,1.0501311,0.0
1.203294,1.5602381,-0.095734317,1.6303408,-0.37786573,0.72104367,0.0
-0.78441482,-0.47019533,-0.59163147,-0.85955255,-0.37786573,-0.94572324,0.0
0.10687821,0.0075537073,-0.27606055,0.6265353,-0.37786573,1.2542872,0.0
1.0293377,4.7275373,-0.45638679,1.1910968,-0.37786573,1.0044245,0.0
-0.78441482,-0.47019533,-0.59163147,-0.85955255,-0.37786573,-0.94572324,0.0
-0.78441482,-0.47019533,-0.59163147,-0.85955255,-0.37786573,-0.94572324,0.0
0.60520282,-0.45250093,-0.18589744,-0.85955255,-0.37786573,-0.94572324,0.0
0.70429184,0.77283689,1.2567125,-0.85955255,-0.37786573,-0.94572324,0.0
-0.78441482,-0.47019533,-0.59163147,-0.85955255,-0.37786573,-0.94572324,0.0
-0.25881956,-0.43038291,1.5272018,0.1484724,-0.051279452,1.1659211,0.0
-0.78441482,-0.47019533,-0.59163147,-0.85955255,-0.37786573,-0.94572324,0.0
-0.78441482,-0.43480652,0.89605999,-0.85955255,-0.37786573,-0.94572324,0.0
-0.78441482,-0.47019533,-0.59163147,-0.85955255,-0.37786573,-0.94572324,0.0
-0.27067636,-0.45250093,-0.18589744,1.0400407,-0.37786573,0.96481214,0.0
-0.78441482,-0.47019533,-0.59163147,-0.85955255,-0.37786573,-0.94572324,0.0
-0.78441482,-0.47019533,-0.59163147,-0.85955255,-0.37786573,-0.94572324,0.0
-0.78441482,-0.47019533,-0.59163147,-0.85955255,-0.37786573,-0.94572324,0.0
0.10755574,-0.45250093,-0.41130523,1.8219035,-0.37786573,1.0623195,0.0
0.16582348,-0.041105917,1.1214678,1.4919431,-0.37786573,1.0897435,0.0
-0.78441482,-0.47019533,-0.59163147,-0.85955255,-0.37786573,-0.94572324,0.0
0.41566331,0.12256737,0.89605999,-0.85955255,-0.37786573,-0.94572324,0.0
0.48578785,0.90554496,-0.0055711987,0.98307824,0.18812057,1.1994393,0.0
0.24983741,-0.45250093,0.62557063,-0.85955255,-0.37786573,-0.94572324,0.0
0.10569253,-0.34633447,-0.14081588,-0.85955255,-0.37786573,-0.94572324,0.0
0.59622553,-0.076494735,-0.27606055,1.6565014,1.0369354,0.87035185,0.0
2.3132604,-0.45250093,-0.36622367,-0.85955255,-0.37786573,-0.94572324,0.0
-0.78441482,-0.47019533,-0.59163147,-0.85955255,-0.37786573,-0.94572324,0.0
-0.78441482,-0.47019533,-0.59163147,-0.85955255,-0.37786573,-0.94572324,0.0
0.5855544,0.75071888,-0.27606055,0.72484833,-0.37786573,1.0166129,0.0
-0.28964725,-0.43923012,0.35508128,2.7134718,-0.37786573,0.51688757,0.0
-0.2533993,-0.39057049,0.26491816,-0.85955255,-0.37786573,-0.94572324,0.0
-0.2345978,-0.26670963,3.8263613,-0.11988418,-0.12091651,1.1110732,0.0
-0.12788654,-0.42595931,-0.27606055,-0.85955255,-0.37786573,-0.94572324,0.0
-0.78441482,-0.47019533,-0.59163147,-0.85955255,-0.37786573,-0.94572324,0.0
1.0537288,2.4582293,0.40016284,0.32062568,-0.37786573,0.38586202,0.0
0.37772153,0.020824514,-0.14081588,0.60712586,-0.37786573,0.71494946,0.0
-0.78441482,-0.47019533,-0.59163147,-0.85955255,-0.37786573,-0.94572324,0.0
0.0094830212,-0.21805001,0.58048907,0.68265389,-0.37786573,0.96176503,0.0
-0.78441482,-0.47019533,-0.59163147,-0.85955255,-0.37786573,-0.94572324,0.0
-0.78441482,-0.47019533,-0.59163147,-0.85955255,-0.37786573,-0.94572324,0.0
-0.78441482,-0.47019533,-0.59163147,-0.85955255,-0.37786573,-0.94572324,0.0
0.98411246,1.1798083,0.039510361,0.76788664,-0.37786573,0.60525364,0.0
0.32199455,0.3791363,0.40016284,0.26703875,-0.37786573,0.97090635,0.0
-0.78441482,-0.47019533,-0.59163147,-0.85955255,-0.37786573,-0.94572324,0.0
0.11805749,-0.14727237,0.62557063,0.53877089,0.31083325,1.2085806,0.0
-0.78441482,-0.47019533,-0.59163147,-0.85955255,-0.37786573,-0.94572324,0.0
-0.029983204,-0.32864006,-0.14081588,0.71134611,0.75018876,1.6107986,0.0
-0.78441482,-0.47019533,-0.59163147,-0.85955255,-0.37786573,-0.94572324,0.0
1.0879442,1.1399959,-0.050652758,0.9493227,-0.37786573,0.88558738,0.0
-0.78441482,-0.47019533,-0.59163147,-0.85955255,-0.37786573,-0.94572324,0.0
-0.78441482,-0.47019533,-0.59163147,-0.85955255,-0.37786573,-0.94572324,0.0
-0.28033119,-0.44807732,-0.095734317,0.25649015,-0.37786573,1.2299103,0.0
-0.023038503,-0.16054318,2.1132621,1.0020657,0.024086612,0.83683369,0.0
-0.22883878,-0.4038413,-0.27606055,-0.85955255,-0.37786573,-0.94572324,0.0
0.43802186,-0.072071133,0.53540751,1.848908,0.41372488,0.86425764,0.0
-0.020667142,-0.18708479,1.6624465,-0.85955255,-0.37786573,-0.94572324,0.0
-0.78441482,-0.47019533,-0.59163147,-0.85955255,-0.37786573,-0.94572324,0.0
-0.78441482,-0.47019533,-0.59163147,-0.85955255,-0.37786573,-0.94572324,0.0
-0.13110482,-0.21805001,-0.36622367,-0.85955255,-0.37786573,-0.94572324,0.0
0.55692868,0.971899,-0.27606055,1.6320286,-0.37786573,1.5163383,0.0
0.94667883,2.0645287,-0.45638679,-0.85955255,-0.37786573,-0.94572324,0.0
-0.40686025,-0.44807732,0.2198366,0.97970269,1.2141066,0.90996423,0.0
-0.08045932,-0.010140702,0.2198366,0.56197782,-0.37786573,0.80026842,0.0
-0.78441482,-0.47019533,-0.59163147,-0.85955255,-0.37786573,-0.94572324,0.0
0.15515235,-0.089765542,0.76081531,0.52189311,-0.079265976,0.98614188,0.0
-0.78441482,-0.47019533,-0.59163147,-0.85955255,-0.37786573,-0.94572324,0.0
